ISO-10303-21;
HEADER;
FILE_DESCRIPTION(('CATIA V5 STEP Exchange','CAx-IF Rec.Pracs.--- Model Styling and Organization---1.5--- 2016-08-15','CAx-IF Rec.Pracs.---Supplemental Geometry---1.0---2011-11-01','CAx-IF Rec.Pracs.--- Composite Materials ---3.4---2017-06-13','CAx-IF Rec.Pracs.---Tessellated 3D Geometry---1.0---2015-12-17'),'2;1');

FILE_NAME('C:\\Users\\marti\\Documents\\Stage TV\\D\X2\00E9\X0\monstrateur\\Accu\\MEP+stp\\positive_locker.stp','2025-07-02T10:41:47+00:00',('none'),('none'),'CATIA Version 5-6 Release 2023 SP5','CATIA V5 STEP AP242 v3','none');

FILE_SCHEMA(('AP242_MANAGED_MODEL_BASED_3D_ENGINEERING_MIM_LF  {1 0 10303 442 1 1 4}'));

ENDSEC;
DATA;
#5=PRODUCT('positive_locker','','',(#2)) ;
#2=PRODUCT_CONTEXT(' ',#1,'mechanical') ;
#1=APPLICATION_CONTEXT('managed model based 3d engineering') ;
#10=PRODUCT_DEFINITION('',' ',#6,#3) ;
#3=PRODUCT_DEFINITION_CONTEXT('part definition',#1,' ') ;
#11=PRODUCT_DEFINITION_SHAPE(' ',' ',#10) ;
#1704=MECHANICAL_DESIGN_GEOMETRIC_PRESENTATION_REPRESENTATION(' ',(#29),#16) ;
#7=PRODUCT_CATEGORY('part','specification') ;
#19=SHAPE_REPRESENTATION(' ',(#18),#16) ;
#17=CARTESIAN_POINT(' ',(0.,0.,0.)) ;
#31=CARTESIAN_POINT('Axis2P3D Location',(0.,0.75,2.)) ;
#36=CARTESIAN_POINT('Line Origine',(1.,-0.75,2.)) ;
#40=CARTESIAN_POINT('Vertex',(0.,-0.75,2.)) ;
#42=CARTESIAN_POINT('Vertex',(2.,-0.75,2.)) ;
#45=CARTESIAN_POINT('Line Origine',(0.,2.22044604925E-16,2.)) ;
#49=CARTESIAN_POINT('Vertex',(0.,0.75,2.)) ;
#52=CARTESIAN_POINT('Line Origine',(1.,0.75,2.)) ;
#56=CARTESIAN_POINT('Vertex',(2.,0.75,2.)) ;
#59=CARTESIAN_POINT('Line Origine',(2.,2.22044604925E-16,2.)) ;
#71=CARTESIAN_POINT('Axis2P3D Location',(2.,0.,0.)) ;
#76=CARTESIAN_POINT('Line Origine',(2.,0.75,0.)) ;
#80=CARTESIAN_POINT('Vertex',(2.,0.75,-2.)) ;
#83=CARTESIAN_POINT('Line Origine',(2.,2.22044604925E-16,-2.)) ;
#87=CARTESIAN_POINT('Vertex',(2.,-0.75,-2.)) ;
#90=CARTESIAN_POINT('Line Origine',(2.,-0.75,0.)) ;
#102=CARTESIAN_POINT('Axis2P3D Location',(0.,0.75,-2.)) ;
#107=CARTESIAN_POINT('Line Origine',(0.,0.75,0.)) ;
#111=CARTESIAN_POINT('Vertex',(0.,0.75,-2.)) ;
#114=CARTESIAN_POINT('Line Origine',(1.,0.75,-2.)) ;
#126=CARTESIAN_POINT('Axis2P3D Location',(0.,-0.75,2.)) ;
#131=CARTESIAN_POINT('Line Origine',(1.,-0.75,-2.)) ;
#135=CARTESIAN_POINT('Vertex',(0.,-0.75,-2.)) ;
#138=CARTESIAN_POINT('Line Origine',(0.,-0.75,0.)) ;
#150=CARTESIAN_POINT('Axis2P3D Location',(0.,-0.75,-2.)) ;
#155=CARTESIAN_POINT('Line Origine',(0.,2.22044604925E-16,-2.)) ;
#167=CARTESIAN_POINT('Axis2P3D Location',(0.,0.,0.)) ;
#172=CARTESIAN_POINT('Axis2P3D Location',(0.,0.,0.)) ;
#176=CARTESIAN_POINT('Vertex',(0.,-2.5,3.06161699787E-16)) ;
#178=CARTESIAN_POINT('Vertex',(0.,2.5,0.)) ;
#181=CARTESIAN_POINT('Axis2P3D Location',(0.,0.,0.)) ;
#197=CARTESIAN_POINT('Axis2P3D Location',(11.,0.,0.)) ;
#202=CARTESIAN_POINT('Line Origine',(11.,-1.,-5.42705098313)) ;
#206=CARTESIAN_POINT('Vertex',(11.,-1.,-3.35410196625)) ;
#208=CARTESIAN_POINT('Vertex',(11.,-1.,-7.50000000002)) ;
#211=CARTESIAN_POINT('Axis2P3D Location',(11.,0.,-1.64607350138E-16)) ;
#215=CARTESIAN_POINT('Vertex',(11.,1.,-3.35410196625)) ;
#218=CARTESIAN_POINT('Line Origine',(11.,1.,-5.42705098313)) ;
#222=CARTESIAN_POINT('Vertex',(11.,1.,-7.50000000002)) ;
#225=CARTESIAN_POINT('Line Origine',(11.,2.22044604925E-16,-7.50000000002)) ;
#237=CARTESIAN_POINT('Axis2P3D Location',(12.,1.,-4.49094440488)) ;
#242=CARTESIAN_POINT('Axis2P3D Location',(12.,1.,-3.35410196625)) ;
#246=CARTESIAN_POINT('Vertex',(12.,2.,-3.35410196625)) ;
#249=CARTESIAN_POINT('Line Origine',(12.,2.,-4.49094440488)) ;
#253=CARTESIAN_POINT('Vertex',(12.,2.,-7.50000000002)) ;
#256=CARTESIAN_POINT('Axis2P3D Location',(12.,1.,-7.50000000002)) ;
#268=CARTESIAN_POINT('Axis2P3D Location',(12.,-1.,-4.49094440488)) ;
#273=CARTESIAN_POINT('Line Origine',(12.,-2.,-4.49094440488)) ;
#277=CARTESIAN_POINT('Vertex',(12.,-2.,-3.35410196625)) ;
#279=CARTESIAN_POINT('Vertex',(12.,-2.,-7.50000000002)) ;
#282=CARTESIAN_POINT('Axis2P3D Location',(12.,-1.,-3.35410196625)) ;
#287=CARTESIAN_POINT('Axis2P3D Location',(12.,-1.,-7.50000000002)) ;
#299=CARTESIAN_POINT('Axis2P3D Location',(10.,1.11022302463E-16,-2.22044604925E-16)) ;
#305=CARTESIAN_POINT('Control Point',(10.,-1.66666665869,-1.86338998838)) ;
#306=CARTESIAN_POINT('Control Point',(10.089668957,-1.66666648187,-1.86339014654)) ;
#307=CARTESIAN_POINT('Control Point',(10.1792888162,-1.651029123,-1.89086099041)) ;
#308=CARTESIAN_POINT('Control Point',(10.2599059212,-1.621049293,-1.94332949383)) ;
#309=CARTESIAN_POINT('Control Point',(10.3993155885,-1.55573550713,-2.05625488764)) ;
#310=CARTESIAN_POINT('Control Point',(10.5212347038,-1.47784625019,-2.192767246)) ;
#311=CARTESIAN_POINT('Control Point',(10.5748315189,-1.44058811752,-2.25905111502)) ;
#312=CARTESIAN_POINT('Control Point',(10.7487382474,-1.31185323685,-2.49502433203)) ;
#313=CARTESIAN_POINT('Control Point',(10.8857571211,-1.1881592942,-2.75636632189)) ;
#314=CARTESIAN_POINT('Control Point',(10.960756413,-1.11279572394,-2.95115560728)) ;
#315=CARTESIAN_POINT('Control Point',(11.,-1.05062456417,-3.1541153582)) ;
#316=CARTESIAN_POINT('Control Point',(11.,-1.,-3.35410196625)) ;
#317=CARTESIAN_POINT('Vertex',(10.,-1.66666665869,-1.86338998838)) ;
#320=CARTESIAN_POINT('Axis2P3D Location',(10.,1.11022302463E-16,-2.22044604925E-16)) ;
#324=CARTESIAN_POINT('Vertex',(10.,1.6666665231,-1.86339010966)) ;
#328=CARTESIAN_POINT('Control Point',(11.,1.,-3.35410196625)) ;
#329=CARTESIAN_POINT('Control Point',(11.,1.0534498348,-3.1429544465)) ;
#330=CARTESIAN_POINT('Control Point',(10.9562539509,1.11977116185,-2.92849271097)) ;
#331=CARTESIAN_POINT('Control Point',(10.8728066347,1.20091316589,-2.72410818574)) ;
#332=CARTESIAN_POINT('Control Point',(10.7380031037,1.3210907813,-2.47774649932)) ;
#333=CARTESIAN_POINT('Control Point',(10.5706847484,1.4427823465,-2.2557089127)) ;
#334=CARTESIAN_POINT('Control Point',(10.5336392738,1.46850473481,-2.20968255766)) ;
#335=CARTESIAN_POINT('Control Point',(10.421653022,1.54189021444,-2.08004788996)) ;
#336=CARTESIAN_POINT('Control Point',(10.2956306847,1.6074247531,-1.96701875861)) ;
#337=CARTESIAN_POINT('Control Point',(10.2062589735,1.64602637693,-1.89965391317)) ;
#338=CARTESIAN_POINT('Control Point',(10.1030314471,1.66666725433,-1.86338945563)) ;
#339=CARTESIAN_POINT('Control Point',(10.,1.6666665231,-1.86339010966)) ;
#349=CARTESIAN_POINT('Control Point',(11.,1.,-3.35410196625)) ;
#350=CARTESIAN_POINT('Control Point',(11.,1.31415926536,-3.35410196625)) ;
#351=CARTESIAN_POINT('Control Point',(11.123370055,1.62831853072,-3.35410196625)) ;
#352=CARTESIAN_POINT('Control Point',(11.3716814693,1.87662994499,-3.35410196625)) ;
#353=CARTESIAN_POINT('Control Point',(11.6858407346,2.,-3.35410196625)) ;
#354=CARTESIAN_POINT('Control Point',(12.,2.,-3.35410196625)) ;
#355=CARTESIAN_POINT('Control Point',(11.,1.02576678658,-3.25231319368)) ;
#356=CARTESIAN_POINT('Control Point',(11.0080948747,1.33477269462,-3.25231319368)) ;
#357=CARTESIAN_POINT('Control Point',(11.135512369,1.64059975338,-3.24165100961)) ;
#358=CARTESIAN_POINT('Control Point',(11.3819881839,1.88067738234,-3.22019083473)) ;
#359=CARTESIAN_POINT('Control Point',(11.690994092,2.,-3.19303979944)) ;
#360=CARTESIAN_POINT('Control Point',(12.,2.,-3.16588876414)) ;
#361=CARTESIAN_POINT('Control Point',(10.9898336134,1.05452485053,-3.14975421215)) ;
#362=CARTESIAN_POINT('Control Point',(11.0066306192,1.35751801239,-3.14800674181)) ;
#363=CARTESIAN_POINT('Control Point',(11.1370621221,1.65404564658,-3.12606688138)) ;
#364=CARTESIAN_POINT('Control Point',(11.3790244997,1.88511163405,-3.08406219484)) ;
#365=CARTESIAN_POINT('Control Point',(11.679345913,2.00000003981,-3.03152957434)) ;
#366=CARTESIAN_POINT('Control Point',(11.9796673229,2.,-2.97899693103)) ;
#367=CARTESIAN_POINT('Control Point',(10.9700105488,1.0864691373,-3.04778012756)) ;
#368=CARTESIAN_POINT('Control Point',(10.99565084,1.38244733643,-3.04235003802)) ;
#369=CARTESIAN_POINT('Control Point',(11.1278644625,1.66864852663,-3.00870258025)) ;
#370=CARTESIAN_POINT('Control Point',(11.3628631916,1.88993113352,-2.94761179076)) ;
#371=CARTESIAN_POINT('Control Point',(11.6514422227,2.00000003368,-2.8721906578)) ;
#372=CARTESIAN_POINT('Control Point',(11.9400212475,2.,-2.79676951948)) ;
#373=CARTESIAN_POINT('Control Point',(10.911066934,1.15949831217,-2.8395547637)) ;
#374=CARTESIAN_POINT('Control Point',(10.9540493359,1.43851779777,-2.82265814857)) ;
#375=CARTESIAN_POINT('Control Point',(11.0870108552,1.70113535027,-2.76452581165)) ;
#376=CARTESIAN_POINT('Control Point',(11.3033249576,1.90066294879,-2.66779607796)) ;
#377=CARTESIAN_POINT('Control Point',(11.562729329,1.99999996382,-2.55107186333)) ;
#378=CARTESIAN_POINT('Control Point',(11.822133707,2.,-2.43434765445)) ;
#379=CARTESIAN_POINT('Control Point',(10.8201134368,1.24507177767,-2.6405203116)) ;
#380=CARTESIAN_POINT('Control Point',(10.8761116057,1.50201481282,-2.60596909077)) ;
#381=CARTESIAN_POINT('Control Point',(11.0033480615,1.73710532654,-2.52460746743)) ;
#382=CARTESIAN_POINT('Control Point',(11.1939594404,1.9125680455,-2.40134720988)) ;
#383=CARTESIAN_POINT('Control Point',(11.4170932471,2.00000003887,-2.25656212648)) ;
#384=CARTESIAN_POINT('Control Point',(11.6402270467,2.,-2.11177703692)) ;
#385=CARTESIAN_POINT('Control Point',(10.7658342422,1.29232586666,-2.54065886175)) ;
#386=CARTESIAN_POINT('Control Point',(10.8267464777,1.53642921718,-2.49578842319)) ;
#387=CARTESIAN_POINT('Control Point',(10.9491642553,1.75636100308,-2.4032086209)) ;
#388=CARTESIAN_POINT('Control Point',(11.1250925754,1.91894796162,-2.26892302395)) ;
#389=CARTESIAN_POINT('Control Point',(11.3283806187,2.00000028893,-2.11329786572)) ;
#390=CARTESIAN_POINT('Control Point',(11.5316686564,2.,-1.95767270653)) ;
#391=CARTESIAN_POINT('Control Point',(10.6745239265,1.36725865388,-2.39351104396)) ;
#392=CARTESIAN_POINT('Control Point',(10.7394336548,1.58989869576,-2.33248261953)) ;
#393=CARTESIAN_POINT('Control Point',(10.8517724542,1.78589315218,-2.22483644599)) ;
#394=CARTESIAN_POINT('Control Point',(11.0040030745,1.92874192118,-2.07781206595)) ;
#395=CARTESIAN_POINT('Control Point',(11.1765254173,1.99999984903,-1.91074521909)) ;
#396=CARTESIAN_POINT('Control Point',(11.349047763,2.,-1.74367837273)) ;
#397=CARTESIAN_POINT('Control Point',(10.5706839485,1.44278339016,-2.2557058981)) ;
#398=CARTESIAN_POINT('Control Point',(10.6336969537,1.64231141214,-2.17953802778)) ;
#399=CARTESIAN_POINT('Control Point',(10.7318084419,1.81434561365,-2.06041072169)) ;
#400=CARTESIAN_POINT('Control Point',(10.8586285398,1.93819073838,-1.9060950264)) ;
#401=CARTESIAN_POINT('Control Point',(10.9999982427,2.00000007888,-1.73394247546)) ;
#402=CARTESIAN_POINT('Control Point',(11.141367944,2.,-1.56178992427)) ;
#403=CARTESIAN_POINT('Control Point',(10.5335901129,1.46844265334,-2.2098038105)) ;
#404=CARTESIAN_POINT('Control Point',(10.5952123879,1.65995374315,-2.12866926621)) ;
#405=CARTESIAN_POINT('Control Point',(10.6879474383,1.82386748698,-2.00605507964)) ;
#406=CARTESIAN_POINT('Control Point',(10.8058621648,1.94135408543,-1.84982839174)) ;
#407=CARTESIAN_POINT('Control Point',(10.9365212157,2.00000003795,-1.67658663206)) ;
#408=CARTESIAN_POINT('Control Point',(11.0671802653,2.,-1.50334487139)) ;
#409=CARTESIAN_POINT('Control Point',(10.4217466744,1.54200848063,-2.07981690136)) ;
#410=CARTESIAN_POINT('Control Point',(10.477162506,1.71005048764,-1.9851658708)) ;
#411=CARTESIAN_POINT('Control Point',(10.5528909365,1.85074928173,-1.8538031601)) ;
#412=CARTESIAN_POINT('Control Point',(10.6444432367,1.95028824924,-1.6936310097)) ;
#413=CARTESIAN_POINT('Control Point',(10.7439682538,1.9999999277,-1.51893097061)) ;
#414=CARTESIAN_POINT('Control Point',(10.8434932734,2.,-1.34423093339)) ;
#415=CARTESIAN_POINT('Control Point',(10.2954522755,1.60719945413,-1.96745879555)) ;
#416=CARTESIAN_POINT('Control Point',(10.3379090548,1.7533567028,-1.8626052841)) ;
#417=CARTESIAN_POINT('Control Point',(10.3921793635,1.87363880277,-1.72631323887)) ;
#418=CARTESIAN_POINT('Control Point',(10.4554159544,1.9579035651,-1.56597787478)) ;
#419=CARTESIAN_POINT('Control Point',(10.5231603268,2.00000013774,-1.39354720208)) ;
#420=CARTESIAN_POINT('Control Point',(10.5909046946,2.,-1.22111652581)) ;
#421=CARTESIAN_POINT('Control Point',(10.2065501986,1.64524989719,-1.90113697332)) ;
#422=CARTESIAN_POINT('Control Point',(10.2376617738,1.77815321796,-1.79148344713)) ;
#423=CARTESIAN_POINT('Control Point',(10.2760534619,1.88660067492,-1.65364325467)) ;
#424=CARTESIAN_POINT('Control Point',(10.3199067656,1.96221825154,-1.49450637536)) ;
#425=CARTESIAN_POINT('Control Point',(10.3665036271,1.99999990513,-1.32466573208)) ;
#426=CARTESIAN_POINT('Control Point',(10.4131004875,2.,-1.1548250897)) ;
#427=CARTESIAN_POINT('Control Point',(10.1030312813,1.66666670005,-1.86338950112)) ;
#428=CARTESIAN_POINT('Control Point',(10.1185328342,1.79204565918,-1.75124707317)) ;
#429=CARTESIAN_POINT('Control Point',(10.1376785915,1.89384479004,-1.61274163359)) ;
#430=CARTESIAN_POINT('Control Point',(10.1595578349,1.96462993451,-1.45446144133)) ;
#431=CARTESIAN_POINT('Control Point',(10.1828101741,1.99999983753,-1.28624798951)) ;
#432=CARTESIAN_POINT('Control Point',(10.2060625141,2.,-1.11803453754)) ;
#433=CARTESIAN_POINT('Control Point',(10.0000000357,1.66666664602,-1.86339010261)) ;
#434=CARTESIAN_POINT('Control Point',(10.0000000444,1.79204579858,-1.75124760091)) ;
#435=CARTESIAN_POINT('Control Point',(10.0000000547,1.89384505519,-1.61274196533)) ;
#436=CARTESIAN_POINT('Control Point',(10.000000066,1.964630224,-1.45446147818)) ;
#437=CARTESIAN_POINT('Control Point',(10.0000000777,2.0000000345,-1.28624768183)) ;
#438=CARTESIAN_POINT('Control Point',(10.0000000891,2.,-1.11803388547)) ;
#440=CARTESIAN_POINT('Control Point',(12.,2.,-3.35410196625)) ;
#441=CARTESIAN_POINT('Control Point',(12.,2.,-3.16588876414)) ;
#442=CARTESIAN_POINT('Control Point',(11.9796673229,2.,-2.97899693103)) ;
#443=CARTESIAN_POINT('Control Point',(11.9400217133,2.,-2.79677727754)) ;
#444=CARTESIAN_POINT('Control Point',(11.853225193,2.,-2.52992892679)) ;
#445=CARTESIAN_POINT('Control Point',(11.7317264096,2.,-2.28470115248)) ;
#446=CARTESIAN_POINT('Control Point',(11.6859771849,2.,-2.20287327696)) ;
#447=CARTESIAN_POINT('Control Point',(11.5857102036,2.,-2.04229327265)) ;
#448=CARTESIAN_POINT('Control Point',(11.4722282763,2.,-1.89470305866)) ;
#449=CARTESIAN_POINT('Control Point',(11.4113319003,2.,-1.8230517338)) ;
#450=CARTESIAN_POINT('Control Point',(11.3069907327,2.,-1.71162342366)) ;
#451=CARTESIAN_POINT('Control Point',(11.1951520362,2.,-1.60981636471)) ;
#452=CARTESIAN_POINT('Control Point',(11.1505782729,2.,-1.57171982351)) ;
#453=CARTESIAN_POINT('Control Point',(11.1048868059,2.,-1.53510441586)) ;
#454=CARTESIAN_POINT('Control Point',(11.0580318625,2.,-1.50000000002)) ;
#455=CARTESIAN_POINT('Vertex',(11.0580318625,2.,-1.50000000002)) ;
#459=CARTESIAN_POINT('Control Point',(11.0580318625,2.,-1.50000000002)) ;
#460=CARTESIAN_POINT('Control Point',(10.7848833742,2.00000005899,-1.49999992136)) ;
#461=CARTESIAN_POINT('Control Point',(10.5253013782,1.96665305047,-1.54429101923)) ;
#462=CARTESIAN_POINT('Control Point',(10.2999743047,1.89771701739,-1.63726701165)) ;
#463=CARTESIAN_POINT('Control Point',(10.1324657114,1.79413370879,-1.7493794064)) ;
#464=CARTESIAN_POINT('Control Point',(10.0000000357,1.66666664602,-1.86339010261)) ;
#474=CARTESIAN_POINT('Control Point',(9.9999999912,-1.66666666231,-1.86338998974)) ;
#475=CARTESIAN_POINT('Control Point',(9.99999998944,-1.79204577886,-1.75124750035)) ;
#476=CARTESIAN_POINT('Control Point',(9.99999998733,-1.89384501151,-1.61274189898)) ;
#477=CARTESIAN_POINT('Control Point',(9.99999998497,-1.96463017456,-1.45446146371)) ;
#478=CARTESIAN_POINT('Control Point',(9.99999998252,-2.00000000032,-1.28624772817)) ;
#479=CARTESIAN_POINT('Control Point',(9.9999999801,-2.,-1.11803399263)) ;
#480=CARTESIAN_POINT('Control Point',(10.089668736,-1.66666656711,-1.86339017841)) ;
#481=CARTESIAN_POINT('Control Point',(10.1031598327,-1.79204572333,-1.75124768905)) ;
#482=CARTESIAN_POINT('Control Point',(10.1198225003,-1.89384498949,-1.61274207339)) ;
#483=CARTESIAN_POINT('Control Point',(10.1388641361,-1.9646301745,-1.45446161208)) ;
#484=CARTESIAN_POINT('Control Point',(10.1591007844,-2.00000000742,-1.2862478446)) ;
#485=CARTESIAN_POINT('Control Point',(10.1793374333,-2.,-1.1180340771)) ;
#486=CARTESIAN_POINT('Control Point',(10.1795152841,-1.65068264564,-1.8915277828)) ;
#487=CARTESIAN_POINT('Control Point',(10.2065515857,-1.7816714773,-1.78126019144)) ;
#488=CARTESIAN_POINT('Control Point',(10.2399176283,-1.88843319896,-1.64326830432)) ;
#489=CARTESIAN_POINT('Control Point',(10.2780318183,-1.9628277511,-1.48436402607)) ;
#490=CARTESIAN_POINT('Control Point',(10.318531126,-1.99999930491,-1.3149504944)) ;
#491=CARTESIAN_POINT('Control Point',(10.3590304361,-2.,-1.14553696346)) ;
#492=CARTESIAN_POINT('Control Point',(10.2598712864,-1.62091058218,-1.94359890715)) ;
#493=CARTESIAN_POINT('Control Point',(10.2976622465,-1.76229896807,-1.83699554584)) ;
#494=CARTESIAN_POINT('Control Point',(10.3455377138,-1.87831586646,-1.70012567523)) ;
#495=CARTESIAN_POINT('Control Point',(10.4010476102,-1.95946143079,-1.54020436751)) ;
#496=CARTESIAN_POINT('Control Point',(10.4603950559,-2.00000103525,-1.36869032839)) ;
#497=CARTESIAN_POINT('Control Point',(10.519742504,-2.,-1.19717629176)) ;
#498=CARTESIAN_POINT('Control Point',(10.3993457659,-1.55585636608,-2.05602014742)) ;
#499=CARTESIAN_POINT('Control Point',(10.4529137567,-1.71931333839,-1.9590521447)) ;
#500=CARTESIAN_POINT('Control Point',(10.5249910702,-1.85566384324,-1.82646667872)) ;
#501=CARTESIAN_POINT('Control Point',(10.611409647,-1.95192205232,-1.66608718648)) ;
#502=CARTESIAN_POINT('Control Point',(10.7050506204,-1.99999909799,-1.49169954888)) ;
#503=CARTESIAN_POINT('Control Point',(10.7986915916,-2.,-1.31731190912)) ;
#504=CARTESIAN_POINT('Control Point',(10.5212084101,-1.47774094562,-2.1929717755)) ;
#505=CARTESIAN_POINT('Control Point',(10.5827030744,-1.66642028076,-2.10992024861)) ;
#506=CARTESIAN_POINT('Control Point',(10.6737737532,-1.8273814963,-1.98585342995)) ;
#507=CARTESIAN_POINT('Control Point',(10.788633923,-1.94252178177,-1.8287096421)) ;
#508=CARTESIAN_POINT('Control Point',(10.9155253446,-2.00000078592,-1.65483260271)) ;
#509=CARTESIAN_POINT('Control Point',(11.0424167681,-2.,-1.48095556521)) ;
#510=CARTESIAN_POINT('Control Point',(10.5748378129,-1.44058485894,-2.25902748389)) ;
#511=CARTESIAN_POINT('Control Point',(10.6384248249,-1.64090609385,-2.18317478076)) ;
#512=CARTESIAN_POINT('Control Point',(10.7373136022,-1.8136237905,-2.06407817266)) ;
#513=CARTESIAN_POINT('Control Point',(10.8650304997,-1.93795065667,-1.90955492463)) ;
#514=CARTESIAN_POINT('Control Point',(11.0073530228,-2.00000066354,-1.73707540272)) ;
#515=CARTESIAN_POINT('Control Point',(11.1496755485,-2.,-1.56459588038)) ;
#516=CARTESIAN_POINT('Control Point',(10.7487229924,-1.31186113471,-2.49508160714)) ;
#517=CARTESIAN_POINT('Control Point',(10.8142349239,-1.55129021362,-2.44541550903)) ;
#518=CARTESIAN_POINT('Control Point',(10.9364405272,-1.76488095925,-2.34660816958)) ;
#519=CARTESIAN_POINT('Control Point',(11.1070111659,-1.92176379193,-2.20541776546)) ;
#520=CARTESIAN_POINT('Control Point',(11.3022286722,-1.99999839177,-2.04259522978)) ;
#521=CARTESIAN_POINT('Control Point',(11.4974461724,-2.,-1.87977269513)) ;
#522=CARTESIAN_POINT('Control Point',(10.885794095,-1.18814015203,-2.75622750336)) ;
#523=CARTESIAN_POINT('Control Point',(10.9368785863,-1.4609004384,-2.73424510846)) ;
#524=CARTESIAN_POINT('Control Point',(11.070480697,-1.7142336648,-2.66555397569)) ;
#525=CARTESIAN_POINT('Control Point',(11.278623486,-1.90499078012,-2.55391001549)) ;
#526=CARTESIAN_POINT('Control Point',(11.5251056032,-2.00000389789,-2.420110199)) ;
#527=CARTESIAN_POINT('Control Point',(11.7715877351,-2.,-2.28631038)) ;
#528=CARTESIAN_POINT('Control Point',(10.9608575766,-1.11275058618,-2.9509490064)) ;
#529=CARTESIAN_POINT('Control Point',(10.9950415303,-1.40334002351,-2.94429847816)) ;
#530=CARTESIAN_POINT('Control Point',(11.1303686929,-1.68104369603,-2.90006366563)) ;
#531=CARTESIAN_POINT('Control Point',(11.3611508943,-1.89401751067,-2.81923436442)) ;
#532=CARTESIAN_POINT('Control Point',(11.6414329124,-2.0000000125,-2.7193007075)) ;
#533=CARTESIAN_POINT('Control Point',(11.9217149392,-2.,-2.61936707374)) ;
#534=CARTESIAN_POINT('Control Point',(11.,-1.05062456417,-3.1541153582)) ;
#535=CARTESIAN_POINT('Control Point',(11.0159041759,-1.3546589167,-3.1541153582)) ;
#536=CARTESIAN_POINT('Control Point',(11.1472263225,-1.65244771512,-3.13316713401)) ;
#537=CARTESIAN_POINT('Control Point',(11.391931295,-1.8845820329,-3.09100386321)) ;
#538=CARTESIAN_POINT('Control Point',(11.6959656475,-2.,-3.03765963559)) ;
#539=CARTESIAN_POINT('Control Point',(12.,-2.,-2.98431540797)) ;
#540=CARTESIAN_POINT('Control Point',(11.,-1.,-3.35410196625)) ;
#541=CARTESIAN_POINT('Control Point',(11.,-1.31415926536,-3.35410196625)) ;
#542=CARTESIAN_POINT('Control Point',(11.123370055,-1.62831853072,-3.35410196625)) ;
#543=CARTESIAN_POINT('Control Point',(11.3716814693,-1.87662994499,-3.35410196625)) ;
#544=CARTESIAN_POINT('Control Point',(11.6858407346,-2.,-3.35410196625)) ;
#545=CARTESIAN_POINT('Control Point',(12.,-2.,-3.35410196625)) ;
#547=CARTESIAN_POINT('Control Point',(11.0580381232,-2.,-1.50000000002)) ;
#548=CARTESIAN_POINT('Control Point',(11.1196486519,-2.,-1.54615902206)) ;
#549=CARTESIAN_POINT('Control Point',(11.1792433372,-2.,-1.59492884881)) ;
#550=CARTESIAN_POINT('Control Point',(11.2369351362,-2.,-1.646247756)) ;
#551=CARTESIAN_POINT('Control Point',(11.3568012537,-2.,-1.7619711835)) ;
#552=CARTESIAN_POINT('Control Point',(11.4674123758,-2.,-1.88920139451)) ;
#553=CARTESIAN_POINT('Control Point',(11.523756734,-2.,-1.96043280018)) ;
#554=CARTESIAN_POINT('Control Point',(11.6304443589,-2.,-2.10927339402)) ;
#555=CARTESIAN_POINT('Control Point',(11.7239204554,-2.,-2.27029236385)) ;
#556=CARTESIAN_POINT('Control Point',(11.7670661555,-2.,-2.35372326921)) ;
#557=CARTESIAN_POINT('Control Point',(11.8744676329,-2.,-2.5897055579)) ;
#558=CARTESIAN_POINT('Control Point',(11.9498258711,-2.,-2.84389802569)) ;
#559=CARTESIAN_POINT('Control Point',(11.9830147126,-2.,-3.01115849104)) ;
#560=CARTESIAN_POINT('Control Point',(12.,-2.,-3.18207869681)) ;
#561=CARTESIAN_POINT('Control Point',(12.,-2.,-3.35410196625)) ;
#562=CARTESIAN_POINT('Vertex',(11.0580381232,-2.,-1.50000000002)) ;
#566=CARTESIAN_POINT('Control Point',(11.0580381232,-2.,-1.50000000002)) ;
#567=CARTESIAN_POINT('Control Point',(10.7850711999,-2.00000065394,-1.4999991281)) ;
#568=CARTESIAN_POINT('Control Point',(10.525893116,-1.96693063335,-1.54397098519)) ;
#569=CARTESIAN_POINT('Control Point',(10.2994444651,-1.89742306502,-1.63761905484)) ;
#570=CARTESIAN_POINT('Control Point',(10.1324311628,-1.79410684219,-1.74940418218)) ;
#571=CARTESIAN_POINT('Control Point',(9.9999999912,-1.66666666231,-1.86338998974)) ;
#580=CARTESIAN_POINT('Axis2P3D Location',(7.5,0.,0.)) ;
#586=CARTESIAN_POINT('Control Point',(11.,-2.5,1.55431223448E-15)) ;
#587=CARTESIAN_POINT('Control Point',(11.,-2.5,-0.317513944073)) ;
#588=CARTESIAN_POINT('Control Point',(10.8700874633,-2.45000913813,-0.634612285861)) ;
#589=CARTESIAN_POINT('Control Point',(10.634129023,-2.34817660341,-0.870346020577)) ;
#590=CARTESIAN_POINT('Control Point',(10.3175139441,-2.29128784748,-1.)) ;
#591=CARTESIAN_POINT('Control Point',(10.,-2.29128784748,-1.)) ;
#592=CARTESIAN_POINT('Vertex',(10.,-2.29128784748,-1.)) ;
#594=CARTESIAN_POINT('Vertex',(11.,-2.5,3.06161699787E-16)) ;
#597=CARTESIAN_POINT('Line Origine',(15.,-2.29128784748,-1.)) ;
#601=CARTESIAN_POINT('Vertex',(7.,-2.29128784748,-1.)) ;
#604=CARTESIAN_POINT('Axis2P3D Location',(7.,0.,0.)) ;
#608=CARTESIAN_POINT('Vertex',(7.,-2.5,1.41638472441E-15)) ;
#611=CARTESIAN_POINT('Line Origine',(15.,-2.5,1.41638472441E-15)) ;
#616=CARTESIAN_POINT('Line Origine',(15.,2.5,-2.83276944882E-15)) ;
#620=CARTESIAN_POINT('Vertex',(7.,2.5,0.)) ;
#623=CARTESIAN_POINT('Axis2P3D Location',(7.,0.,0.)) ;
#627=CARTESIAN_POINT('Vertex',(7.,2.29128784748,-1.)) ;
#630=CARTESIAN_POINT('Line Origine',(15.,2.29128784748,-1.)) ;
#634=CARTESIAN_POINT('Vertex',(10.,2.29128784748,-1.)) ;
#638=CARTESIAN_POINT('Control Point',(11.,2.5,-7.21644966006E-15)) ;
#639=CARTESIAN_POINT('Control Point',(11.,2.5,-0.317513944076)) ;
#640=CARTESIAN_POINT('Control Point',(10.8700874633,2.45000913813,-0.63461228583)) ;
#641=CARTESIAN_POINT('Control Point',(10.634129023,2.34817660341,-0.870346020589)) ;
#642=CARTESIAN_POINT('Control Point',(10.3175139441,2.29128784748,-1.)) ;
#643=CARTESIAN_POINT('Control Point',(10.,2.29128784748,-1.)) ;
#644=CARTESIAN_POINT('Vertex',(11.,2.5,-2.83276944882E-15)) ;
#647=CARTESIAN_POINT('Line Origine',(15.,2.5,-2.83276944882E-15)) ;
#651=CARTESIAN_POINT('Vertex',(15.,2.5,0.)) ;
#654=CARTESIAN_POINT('Axis2P3D Location',(15.,0.,0.)) ;
#658=CARTESIAN_POINT('Vertex',(15.,1.99999999999,-1.50000000001)) ;
#661=CARTESIAN_POINT('Line Origine',(15.,1.99999999999,-1.50000000001)) ;
#666=CARTESIAN_POINT('Line Origine',(15.,-1.99999999999,-1.50000000001)) ;
#670=CARTESIAN_POINT('Vertex',(15.,-2.,-1.50000000002)) ;
#673=CARTESIAN_POINT('Axis2P3D Location',(15.,0.,0.)) ;
#677=CARTESIAN_POINT('Vertex',(15.,-2.5,3.06161699787E-16)) ;
#680=CARTESIAN_POINT('Line Origine',(15.,-2.5,1.41638472441E-15)) ;
#706=CARTESIAN_POINT('Axis2P3D Location',(15.,2.,7.50000000002)) ;
#711=CARTESIAN_POINT('Line Origine',(15.,2.,-4.50000000002)) ;
#715=CARTESIAN_POINT('Vertex',(15.,2.,-7.50000000002)) ;
#718=CARTESIAN_POINT('Line Origine',(13.5,2.,-7.50000000002)) ;
#731=CARTESIAN_POINT('Axis2P3D Location',(15.,-2.,-7.50000000002)) ;
#736=CARTESIAN_POINT('Line Origine',(15.,0.,-7.50000000002)) ;
#740=CARTESIAN_POINT('Vertex',(15.,-2.,-7.50000000002)) ;
#743=CARTESIAN_POINT('Line Origine',(13.5,-2.,-7.50000000002)) ;
#757=CARTESIAN_POINT('Axis2P3D Location',(15.,-2.,1.50000000002)) ;
#762=CARTESIAN_POINT('Line Origine',(15.,-2.,-4.50000000002)) ;
#775=CARTESIAN_POINT('Line Origine',(13.0290159312,-2.,1.50000000002)) ;
#779=CARTESIAN_POINT('Vertex',(15.,-1.99999999999,1.50000000001)) ;
#781=CARTESIAN_POINT('Vertex',(11.0580318625,-1.99999999999,1.50000000001)) ;
#784=CARTESIAN_POINT('Line Origine',(15.,-2.,4.50000000002)) ;
#788=CARTESIAN_POINT('Vertex',(15.,-2.,7.50000000002)) ;
#791=CARTESIAN_POINT('Line Origine',(13.5,-2.,7.50000000002)) ;
#795=CARTESIAN_POINT('Vertex',(12.,-2.,7.50000000002)) ;
#798=CARTESIAN_POINT('Line Origine',(12.,-2.,5.42705098313)) ;
#802=CARTESIAN_POINT('Vertex',(12.,-2.,3.35410196625)) ;
#806=CARTESIAN_POINT('Control Point',(12.,-2.,3.35410196625)) ;
#807=CARTESIAN_POINT('Control Point',(12.,-2.,3.16588876414)) ;
#808=CARTESIAN_POINT('Control Point',(11.9796673229,-2.,2.97899693103)) ;
#809=CARTESIAN_POINT('Control Point',(11.9400217133,-2.,2.79677727754)) ;
#810=CARTESIAN_POINT('Control Point',(11.853225193,-2.,2.52992892679)) ;
#811=CARTESIAN_POINT('Control Point',(11.7317264096,-2.,2.28470115248)) ;
#812=CARTESIAN_POINT('Control Point',(11.6859771849,-2.,2.20287327696)) ;
#813=CARTESIAN_POINT('Control Point',(11.5857102036,-2.,2.04229327265)) ;
#814=CARTESIAN_POINT('Control Point',(11.4722282763,-2.,1.89470305866)) ;
#815=CARTESIAN_POINT('Control Point',(11.4113319003,-2.,1.8230517338)) ;
#816=CARTESIAN_POINT('Control Point',(11.3069907327,-2.,1.71162342366)) ;
#817=CARTESIAN_POINT('Control Point',(11.1951520362,-2.,1.60981636471)) ;
#818=CARTESIAN_POINT('Control Point',(11.1505782729,-2.,1.57171982351)) ;
#819=CARTESIAN_POINT('Control Point',(11.1048868059,-2.,1.53510441586)) ;
#820=CARTESIAN_POINT('Control Point',(11.0580318625,-2.,1.50000000002)) ;
#831=CARTESIAN_POINT('Control Point',(11.,-1.,3.35410196625)) ;
#832=CARTESIAN_POINT('Control Point',(11.,-1.31415926536,3.35410196625)) ;
#833=CARTESIAN_POINT('Control Point',(11.123370055,-1.62831853072,3.35410196625)) ;
#834=CARTESIAN_POINT('Control Point',(11.3716814693,-1.87662994499,3.35410196625)) ;
#835=CARTESIAN_POINT('Control Point',(11.6858407346,-2.,3.35410196625)) ;
#836=CARTESIAN_POINT('Control Point',(12.,-2.,3.35410196625)) ;
#837=CARTESIAN_POINT('Control Point',(11.,-1.02576678658,3.25231319368)) ;
#838=CARTESIAN_POINT('Control Point',(11.0080948747,-1.33477269462,3.25231319368)) ;
#839=CARTESIAN_POINT('Control Point',(11.135512369,-1.64059975338,3.24165100961)) ;
#840=CARTESIAN_POINT('Control Point',(11.3819881839,-1.88067738234,3.22019083473)) ;
#841=CARTESIAN_POINT('Control Point',(11.690994092,-2.,3.19303979944)) ;
#842=CARTESIAN_POINT('Control Point',(12.,-2.,3.16588876414)) ;
#843=CARTESIAN_POINT('Control Point',(10.9898336134,-1.05452485053,3.14975421215)) ;
#844=CARTESIAN_POINT('Control Point',(11.0066306192,-1.35751801239,3.14800674181)) ;
#845=CARTESIAN_POINT('Control Point',(11.1370621221,-1.65404564658,3.12606688138)) ;
#846=CARTESIAN_POINT('Control Point',(11.3790244997,-1.88511163405,3.08406219484)) ;
#847=CARTESIAN_POINT('Control Point',(11.679345913,-2.00000003981,3.03152957434)) ;
#848=CARTESIAN_POINT('Control Point',(11.9796673229,-2.,2.97899693103)) ;
#849=CARTESIAN_POINT('Control Point',(10.9700105488,-1.0864691373,3.04778012756)) ;
#850=CARTESIAN_POINT('Control Point',(10.99565084,-1.38244733643,3.04235003802)) ;
#851=CARTESIAN_POINT('Control Point',(11.1278644625,-1.66864852663,3.00870258025)) ;
#852=CARTESIAN_POINT('Control Point',(11.3628631916,-1.88993113352,2.94761179076)) ;
#853=CARTESIAN_POINT('Control Point',(11.6514422227,-2.00000003368,2.87219065779)) ;
#854=CARTESIAN_POINT('Control Point',(11.9400212475,-2.,2.79676951948)) ;
#855=CARTESIAN_POINT('Control Point',(10.911066934,-1.15949831217,2.8395547637)) ;
#856=CARTESIAN_POINT('Control Point',(10.9540493359,-1.43851779777,2.82265814857)) ;
#857=CARTESIAN_POINT('Control Point',(11.0870108552,-1.70113535027,2.76452581165)) ;
#858=CARTESIAN_POINT('Control Point',(11.3033249576,-1.90066294879,2.66779607796)) ;
#859=CARTESIAN_POINT('Control Point',(11.562729329,-1.99999996382,2.55107186333)) ;
#860=CARTESIAN_POINT('Control Point',(11.822133707,-2.,2.43434765445)) ;
#861=CARTESIAN_POINT('Control Point',(10.8201134368,-1.24507177767,2.6405203116)) ;
#862=CARTESIAN_POINT('Control Point',(10.8761116057,-1.50201481282,2.60596909077)) ;
#863=CARTESIAN_POINT('Control Point',(11.0033480615,-1.73710532654,2.52460746743)) ;
#864=CARTESIAN_POINT('Control Point',(11.1939594404,-1.9125680455,2.40134720988)) ;
#865=CARTESIAN_POINT('Control Point',(11.4170932471,-2.00000003887,2.25656212648)) ;
#866=CARTESIAN_POINT('Control Point',(11.6402270467,-2.,2.11177703692)) ;
#867=CARTESIAN_POINT('Control Point',(10.7658342422,-1.29232586666,2.54065886175)) ;
#868=CARTESIAN_POINT('Control Point',(10.8267464777,-1.53642921718,2.49578842319)) ;
#869=CARTESIAN_POINT('Control Point',(10.9491642553,-1.75636100308,2.4032086209)) ;
#870=CARTESIAN_POINT('Control Point',(11.1250925754,-1.91894796162,2.26892302396)) ;
#871=CARTESIAN_POINT('Control Point',(11.3283806187,-2.00000028893,2.11329786572)) ;
#872=CARTESIAN_POINT('Control Point',(11.5316686564,-2.,1.95767270653)) ;
#873=CARTESIAN_POINT('Control Point',(10.6745239265,-1.36725865388,2.39351104396)) ;
#874=CARTESIAN_POINT('Control Point',(10.7394336548,-1.58989869576,2.33248261953)) ;
#875=CARTESIAN_POINT('Control Point',(10.8517724542,-1.78589315218,2.22483644599)) ;
#876=CARTESIAN_POINT('Control Point',(11.0040030745,-1.92874192118,2.07781206595)) ;
#877=CARTESIAN_POINT('Control Point',(11.1765254173,-1.99999984903,1.91074521909)) ;
#878=CARTESIAN_POINT('Control Point',(11.349047763,-2.,1.74367837273)) ;
#879=CARTESIAN_POINT('Control Point',(10.5706839485,-1.44278339016,2.2557058981)) ;
#880=CARTESIAN_POINT('Control Point',(10.6336969537,-1.64231141214,2.17953802778)) ;
#881=CARTESIAN_POINT('Control Point',(10.7318084419,-1.81434561365,2.06041072169)) ;
#882=CARTESIAN_POINT('Control Point',(10.8586285398,-1.93819073838,1.9060950264)) ;
#883=CARTESIAN_POINT('Control Point',(10.9999982427,-2.00000007888,1.73394247546)) ;
#884=CARTESIAN_POINT('Control Point',(11.141367944,-2.,1.56178992427)) ;
#885=CARTESIAN_POINT('Control Point',(10.5335901129,-1.46844265334,2.2098038105)) ;
#886=CARTESIAN_POINT('Control Point',(10.5952123879,-1.65995374315,2.12866926621)) ;
#887=CARTESIAN_POINT('Control Point',(10.6879474383,-1.82386748698,2.00605507964)) ;
#888=CARTESIAN_POINT('Control Point',(10.8058621648,-1.94135408543,1.84982839174)) ;
#889=CARTESIAN_POINT('Control Point',(10.9365212157,-2.00000003795,1.67658663206)) ;
#890=CARTESIAN_POINT('Control Point',(11.0671802653,-2.,1.50334487139)) ;
#891=CARTESIAN_POINT('Control Point',(10.4217466744,-1.54200848064,2.07981690136)) ;
#892=CARTESIAN_POINT('Control Point',(10.477162506,-1.71005048764,1.9851658708)) ;
#893=CARTESIAN_POINT('Control Point',(10.5528909365,-1.85074928173,1.8538031601)) ;
#894=CARTESIAN_POINT('Control Point',(10.6444432367,-1.95028824924,1.6936310097)) ;
#895=CARTESIAN_POINT('Control Point',(10.7439682538,-1.9999999277,1.51893097061)) ;
#896=CARTESIAN_POINT('Control Point',(10.8434932734,-2.,1.34423093339)) ;
#897=CARTESIAN_POINT('Control Point',(10.2954522755,-1.60719945413,1.96745879555)) ;
#898=CARTESIAN_POINT('Control Point',(10.3379090548,-1.7533567028,1.8626052841)) ;
#899=CARTESIAN_POINT('Control Point',(10.3921793635,-1.87363880277,1.72631323887)) ;
#900=CARTESIAN_POINT('Control Point',(10.4554159544,-1.9579035651,1.56597787478)) ;
#901=CARTESIAN_POINT('Control Point',(10.5231603268,-2.00000013774,1.39354720208)) ;
#902=CARTESIAN_POINT('Control Point',(10.5909046946,-2.,1.22111652581)) ;
#903=CARTESIAN_POINT('Control Point',(10.2065501986,-1.64524989719,1.90113697332)) ;
#904=CARTESIAN_POINT('Control Point',(10.2376617738,-1.77815321796,1.79148344713)) ;
#905=CARTESIAN_POINT('Control Point',(10.2760534619,-1.88660067492,1.65364325467)) ;
#906=CARTESIAN_POINT('Control Point',(10.3199067656,-1.96221825154,1.49450637536)) ;
#907=CARTESIAN_POINT('Control Point',(10.3665036271,-1.99999990513,1.32466573208)) ;
#908=CARTESIAN_POINT('Control Point',(10.4131004875,-2.,1.1548250897)) ;
#909=CARTESIAN_POINT('Control Point',(10.1030312813,-1.66666670005,1.86338950112)) ;
#910=CARTESIAN_POINT('Control Point',(10.1185328342,-1.79204565918,1.75124707317)) ;
#911=CARTESIAN_POINT('Control Point',(10.1376785915,-1.89384479004,1.61274163359)) ;
#912=CARTESIAN_POINT('Control Point',(10.1595578349,-1.96462993451,1.45446144133)) ;
#913=CARTESIAN_POINT('Control Point',(10.1828101741,-1.99999983753,1.28624798951)) ;
#914=CARTESIAN_POINT('Control Point',(10.2060625141,-2.,1.11803453754)) ;
#915=CARTESIAN_POINT('Control Point',(10.0000000357,-1.66666664602,1.86339010261)) ;
#916=CARTESIAN_POINT('Control Point',(10.0000000444,-1.79204579858,1.75124760091)) ;
#917=CARTESIAN_POINT('Control Point',(10.0000000547,-1.89384505519,1.61274196533)) ;
#918=CARTESIAN_POINT('Control Point',(10.000000066,-1.964630224,1.45446147818)) ;
#919=CARTESIAN_POINT('Control Point',(10.0000000777,-2.0000000345,1.28624768183)) ;
#920=CARTESIAN_POINT('Control Point',(10.0000000891,-2.,1.11803388547)) ;
#922=CARTESIAN_POINT('Control Point',(11.,-1.,3.35410196625)) ;
#923=CARTESIAN_POINT('Control Point',(11.,-1.3926990817,3.35410196625)) ;
#924=CARTESIAN_POINT('Control Point',(11.2095691611,-1.79043083886,3.35410196625)) ;
#925=CARTESIAN_POINT('Control Point',(11.6073009183,-2.,3.35410196625)) ;
#926=CARTESIAN_POINT('Control Point',(12.,-2.,3.35410196625)) ;
#927=CARTESIAN_POINT('Vertex',(11.,-1.,3.35410196625)) ;
#931=CARTESIAN_POINT('Control Point',(11.,-1.,3.35410196625)) ;
#932=CARTESIAN_POINT('Control Point',(11.,-1.02576678658,3.25231319368)) ;
#933=CARTESIAN_POINT('Control Point',(10.9898336134,-1.05452485053,3.14975421215)) ;
#934=CARTESIAN_POINT('Control Point',(10.9700107266,-1.08646826487,3.04778581582)) ;
#935=CARTESIAN_POINT('Control Point',(10.9266126651,-1.14023801321,2.89446924845)) ;
#936=CARTESIAN_POINT('Control Point',(10.8658631686,-1.20080570918,2.7461481394)) ;
#937=CARTESIAN_POINT('Control Point',(10.8429885545,-1.22247668747,2.69561869461)) ;
#938=CARTESIAN_POINT('Control Point',(10.7928551412,-1.2680121982,2.59415107019)) ;
#939=CARTESIAN_POINT('Control Point',(10.7361140973,-1.31586402643,2.49590330065)) ;
#940=CARTESIAN_POINT('Control Point',(10.7056659138,-1.34069506106,2.4467672623)) ;
#941=CARTESIAN_POINT('Control Point',(10.6410506697,-1.39160482274,2.34908706792)) ;
#942=CARTESIAN_POINT('Control Point',(10.5706847484,-1.4427823465,2.2557089127)) ;
#943=CARTESIAN_POINT('Control Point',(10.5336392738,-1.46850473481,2.20968255766)) ;
#944=CARTESIAN_POINT('Control Point',(10.4569779961,-1.51874147858,2.12093988517)) ;
#945=CARTESIAN_POINT('Control Point',(10.3737390996,-1.56529909854,2.03997893263)) ;
#946=CARTESIAN_POINT('Control Point',(10.3304872766,-1.58714067962,2.00209710621)) ;
#947=CARTESIAN_POINT('Control Point',(10.2495403819,-1.62255489953,1.94056349444)) ;
#948=CARTESIAN_POINT('Control Point',(10.1613617197,-1.64830266646,1.89561104117)) ;
#949=CARTESIAN_POINT('Control Point',(10.1210442002,-1.65728100202,1.87987125768)) ;
#950=CARTESIAN_POINT('Control Point',(10.0721356644,-1.66415492958,1.86780248654)) ;
#951=CARTESIAN_POINT('Control Point',(10.022645201,-1.66633418894,1.86397411317)) ;
#952=CARTESIAN_POINT('Control Point',(10.0150987591,-1.66655585229,1.86358468847)) ;
#953=CARTESIAN_POINT('Control Point',(10.0075488702,-1.66666664998,1.86339005854)) ;
#954=CARTESIAN_POINT('Control Point',(10.0000000357,-1.66666664602,1.86339010261)) ;
#955=CARTESIAN_POINT('Vertex',(10.,-1.6666665231,1.86339010966)) ;
#959=CARTESIAN_POINT('Control Point',(11.0580318625,-2.,1.50000000002)) ;
#960=CARTESIAN_POINT('Control Point',(10.7848833742,-2.00000005899,1.49999992136)) ;
#961=CARTESIAN_POINT('Control Point',(10.5253013782,-1.96665305046,1.54429101924)) ;
#962=CARTESIAN_POINT('Control Point',(10.2999743047,-1.8977170174,1.63726701163)) ;
#963=CARTESIAN_POINT('Control Point',(10.1324657114,-1.79413370879,1.74937940641)) ;
#964=CARTESIAN_POINT('Control Point',(10.0000000357,-1.66666664602,1.86339010261)) ;
#973=CARTESIAN_POINT('Axis2P3D Location',(12.,-1.,4.49094440489)) ;
#978=CARTESIAN_POINT('Line Origine',(11.,-1.,4.49094440489)) ;
#982=CARTESIAN_POINT('Vertex',(11.,-1.,7.50000000002)) ;
#985=CARTESIAN_POINT('Axis2P3D Location',(12.,-1.,7.50000000002)) ;
#998=CARTESIAN_POINT('Control Point',(11.,-2.5,1.55431223448E-15)) ;
#999=CARTESIAN_POINT('Control Point',(11.,-2.5,0.317513944073)) ;
#1000=CARTESIAN_POINT('Control Point',(10.8700874633,-2.45000913813,0.634612285845)) ;
#1001=CARTESIAN_POINT('Control Point',(10.634129023,-2.34817660341,0.87034602058)) ;
#1002=CARTESIAN_POINT('Control Point',(10.3175139441,-2.29128784748,1.)) ;
#1003=CARTESIAN_POINT('Control Point',(10.,-2.29128784748,1.)) ;
#1004=CARTESIAN_POINT('Vertex',(10.,-2.29128784748,1.)) ;
#1007=CARTESIAN_POINT('Axis2P3D Location',(15.,0.,0.)) ;
#1012=CARTESIAN_POINT('Axis2P3D Location',(10.,0.,0.)) ;
#1016=CARTESIAN_POINT('Vertex',(10.,1.66666665869,1.86338998838)) ;
#1020=CARTESIAN_POINT('Control Point',(11.0580381232,1.99999999999,1.50000000001)) ;
#1021=CARTESIAN_POINT('Control Point',(10.7850711999,2.00000065393,1.49999912809)) ;
#1022=CARTESIAN_POINT('Control Point',(10.5259032307,1.96693230736,1.54398290886)) ;
#1023=CARTESIAN_POINT('Control Point',(10.2994342419,1.89741146186,1.63760733501)) ;
#1024=CARTESIAN_POINT('Control Point',(10.1324311716,1.79410676226,1.74940409551)) ;
#1025=CARTESIAN_POINT('Control Point',(10.,1.66666665869,1.86338998838)) ;
#1026=CARTESIAN_POINT('Vertex',(11.0580381232,1.99999999999,1.50000000001)) ;
#1029=CARTESIAN_POINT('Line Origine',(15.,1.99999999999,1.50000000001)) ;
#1033=CARTESIAN_POINT('Vertex',(15.,1.99999999999,1.50000000001)) ;
#1036=CARTESIAN_POINT('Axis2P3D Location',(15.,0.,0.)) ;
#1042=CARTESIAN_POINT('Control Point',(11.,2.5,1.11022302463E-16)) ;
#1043=CARTESIAN_POINT('Control Point',(11.,2.5,0.317513944074)) ;
#1044=CARTESIAN_POINT('Control Point',(10.8700874633,2.45000913813,0.63461228584)) ;
#1045=CARTESIAN_POINT('Control Point',(10.634129023,2.34817660341,0.870346020585)) ;
#1046=CARTESIAN_POINT('Control Point',(10.3175139441,2.29128784748,1.)) ;
#1047=CARTESIAN_POINT('Control Point',(10.,2.29128784748,1.)) ;
#1048=CARTESIAN_POINT('Vertex',(10.,2.29128784748,1.)) ;
#1051=CARTESIAN_POINT('Line Origine',(15.,2.29128784748,1.)) ;
#1055=CARTESIAN_POINT('Vertex',(7.,2.29128784748,1.)) ;
#1058=CARTESIAN_POINT('Axis2P3D Location',(7.,0.,0.)) ;
#1063=CARTESIAN_POINT('Axis2P3D Location',(7.,0.,0.)) ;
#1067=CARTESIAN_POINT('Vertex',(7.,-2.29128784748,1.)) ;
#1070=CARTESIAN_POINT('Line Origine',(15.,-2.29128784748,1.)) ;
#1096=CARTESIAN_POINT('Axis2P3D Location',(15.,0.,0.)) ;
#1101=CARTESIAN_POINT('Line Origine',(15.,2.,4.50000000002)) ;
#1105=CARTESIAN_POINT('Vertex',(15.,2.,7.50000000002)) ;
#1108=CARTESIAN_POINT('Line Origine',(15.,0.,7.50000000002)) ;
#1126=CARTESIAN_POINT('Axis2P3D Location',(15.,-2.,7.50000000002)) ;
#1131=CARTESIAN_POINT('Line Origine',(13.5,2.,7.50000000002)) ;
#1135=CARTESIAN_POINT('Vertex',(12.,2.,7.50000000002)) ;
#1138=CARTESIAN_POINT('Axis2P3D Location',(12.,1.,7.50000000002)) ;
#1142=CARTESIAN_POINT('Vertex',(11.,1.,7.50000000002)) ;
#1145=CARTESIAN_POINT('Line Origine',(11.,2.22044604925E-16,7.50000000002)) ;
#1159=CARTESIAN_POINT('Axis2P3D Location',(10.,1.11022302463E-16,-2.22044604925E-16)) ;
#1164=CARTESIAN_POINT('Axis2P3D Location',(11.,1.11022302463E-16,-2.22044604925E-16)) ;
#1168=CARTESIAN_POINT('Vertex',(11.,1.,3.35410196625)) ;
#1172=CARTESIAN_POINT('Control Point',(10.,1.66666665869,1.86338998838)) ;
#1173=CARTESIAN_POINT('Control Point',(10.089668957,1.66666648187,1.86339014654)) ;
#1174=CARTESIAN_POINT('Control Point',(10.1792888162,1.651029123,1.89086099041)) ;
#1175=CARTESIAN_POINT('Control Point',(10.2599059212,1.62104929301,1.94332949382)) ;
#1176=CARTESIAN_POINT('Control Point',(10.3993155884,1.55573550714,2.05625488763)) ;
#1177=CARTESIAN_POINT('Control Point',(10.5212347038,1.4778462502,2.19276724598)) ;
#1178=CARTESIAN_POINT('Control Point',(10.5748315188,1.44058811753,2.259051115)) ;
#1179=CARTESIAN_POINT('Control Point',(10.7487382474,1.31185323685,2.49502433202)) ;
#1180=CARTESIAN_POINT('Control Point',(10.8857571211,1.1881592942,2.75636632188)) ;
#1181=CARTESIAN_POINT('Control Point',(10.960756413,1.11279572394,2.95115560727)) ;
#1182=CARTESIAN_POINT('Control Point',(11.,1.05062456417,3.1541153582)) ;
#1183=CARTESIAN_POINT('Control Point',(11.,1.,3.35410196625)) ;
#1193=CARTESIAN_POINT('Control Point',(9.9999999912,1.66666666231,1.86338998974)) ;
#1194=CARTESIAN_POINT('Control Point',(9.99999998944,1.79204577886,1.75124750035)) ;
#1195=CARTESIAN_POINT('Control Point',(9.99999998733,1.89384501151,1.61274189898)) ;
#1196=CARTESIAN_POINT('Control Point',(9.99999998497,1.96463017456,1.45446146371)) ;
#1197=CARTESIAN_POINT('Control Point',(9.99999998252,2.00000000032,1.28624772817)) ;
#1198=CARTESIAN_POINT('Control Point',(9.9999999801,2.,1.11803399263)) ;
#1199=CARTESIAN_POINT('Control Point',(10.089668736,1.66666656711,1.86339017841)) ;
#1200=CARTESIAN_POINT('Control Point',(10.1031598327,1.79204572333,1.75124768905)) ;
#1201=CARTESIAN_POINT('Control Point',(10.1198225003,1.89384498949,1.61274207339)) ;
#1202=CARTESIAN_POINT('Control Point',(10.1388641361,1.9646301745,1.45446161208)) ;
#1203=CARTESIAN_POINT('Control Point',(10.1591007843,2.00000000742,1.2862478446)) ;
#1204=CARTESIAN_POINT('Control Point',(10.1793374332,2.,1.1180340771)) ;
#1205=CARTESIAN_POINT('Control Point',(10.1795152841,1.65068264564,1.8915277828)) ;
#1206=CARTESIAN_POINT('Control Point',(10.2065515857,1.7816714773,1.78126019143)) ;
#1207=CARTESIAN_POINT('Control Point',(10.2399176282,1.88843319896,1.64326830431)) ;
#1208=CARTESIAN_POINT('Control Point',(10.2780318183,1.9628277511,1.48436402606)) ;
#1209=CARTESIAN_POINT('Control Point',(10.318531126,1.99999930491,1.3149504944)) ;
#1210=CARTESIAN_POINT('Control Point',(10.359030436,2.,1.14553696346)) ;
#1211=CARTESIAN_POINT('Control Point',(10.2598712863,1.62091058219,1.94359890714)) ;
#1212=CARTESIAN_POINT('Control Point',(10.2976622465,1.76229896807,1.83699554584)) ;
#1213=CARTESIAN_POINT('Control Point',(10.3455377138,1.87831586646,1.70012567522)) ;
#1214=CARTESIAN_POINT('Control Point',(10.4010476102,1.95946143079,1.5402043675)) ;
#1215=CARTESIAN_POINT('Control Point',(10.4603950559,2.00000103525,1.36869032839)) ;
#1216=CARTESIAN_POINT('Control Point',(10.519742504,2.,1.19717629176)) ;
#1217=CARTESIAN_POINT('Control Point',(10.3993457659,1.55585636608,2.05602014741)) ;
#1218=CARTESIAN_POINT('Control Point',(10.4529137566,1.71931333839,1.95905214468)) ;
#1219=CARTESIAN_POINT('Control Point',(10.5249910702,1.85566384324,1.8264666787)) ;
#1220=CARTESIAN_POINT('Control Point',(10.611409647,1.95192205232,1.66608718647)) ;
#1221=CARTESIAN_POINT('Control Point',(10.7050506204,1.99999909799,1.49169954887)) ;
#1222=CARTESIAN_POINT('Control Point',(10.7986915916,2.,1.31731190911)) ;
#1223=CARTESIAN_POINT('Control Point',(10.5212084101,1.47774094563,2.19297177548)) ;
#1224=CARTESIAN_POINT('Control Point',(10.5827030744,1.66642028077,2.10992024859)) ;
#1225=CARTESIAN_POINT('Control Point',(10.6737737532,1.8273814963,1.98585342994)) ;
#1226=CARTESIAN_POINT('Control Point',(10.788633923,1.94252178177,1.82870964208)) ;
#1227=CARTESIAN_POINT('Control Point',(10.9155253446,2.00000078592,1.65483260269)) ;
#1228=CARTESIAN_POINT('Control Point',(11.0424167681,2.,1.48095556519)) ;
#1229=CARTESIAN_POINT('Control Point',(10.5748378129,1.44058485895,2.25902748388)) ;
#1230=CARTESIAN_POINT('Control Point',(10.6384248249,1.64090609386,2.18317478074)) ;
#1231=CARTESIAN_POINT('Control Point',(10.7373136022,1.8136237905,2.06407817264)) ;
#1232=CARTESIAN_POINT('Control Point',(10.8650304996,1.93795065667,1.90955492461)) ;
#1233=CARTESIAN_POINT('Control Point',(11.0073530228,2.00000066354,1.7370754027)) ;
#1234=CARTESIAN_POINT('Control Point',(11.1496755484,2.,1.56459588036)) ;
#1235=CARTESIAN_POINT('Control Point',(10.7487229924,1.31186113471,2.49508160712)) ;
#1236=CARTESIAN_POINT('Control Point',(10.8142349238,1.55129021362,2.44541550901)) ;
#1237=CARTESIAN_POINT('Control Point',(10.9364405272,1.76488095925,2.34660816956)) ;
#1238=CARTESIAN_POINT('Control Point',(11.1070111659,1.92176379193,2.20541776544)) ;
#1239=CARTESIAN_POINT('Control Point',(11.3022286722,1.99999839177,2.04259522976)) ;
#1240=CARTESIAN_POINT('Control Point',(11.4974461724,2.,1.87977269511)) ;
#1241=CARTESIAN_POINT('Control Point',(10.885794095,1.18814015204,2.75622750335)) ;
#1242=CARTESIAN_POINT('Control Point',(10.9368785863,1.4609004384,2.73424510844)) ;
#1243=CARTESIAN_POINT('Control Point',(11.070480697,1.71423366481,2.66555397568)) ;
#1244=CARTESIAN_POINT('Control Point',(11.278623486,1.90499078012,2.55391001547)) ;
#1245=CARTESIAN_POINT('Control Point',(11.5251056032,2.00000389789,2.42011019898)) ;
#1246=CARTESIAN_POINT('Control Point',(11.7715877351,2.,2.28631037998)) ;
#1247=CARTESIAN_POINT('Control Point',(10.9608575766,1.11275058618,2.95094900639)) ;
#1248=CARTESIAN_POINT('Control Point',(10.9950415303,1.40334002351,2.94429847815)) ;
#1249=CARTESIAN_POINT('Control Point',(11.1303686929,1.68104369603,2.90006366562)) ;
#1250=CARTESIAN_POINT('Control Point',(11.3611508943,1.89401751067,2.8192343644)) ;
#1251=CARTESIAN_POINT('Control Point',(11.6414329124,2.0000000125,2.71930070749)) ;
#1252=CARTESIAN_POINT('Control Point',(11.9217149392,2.,2.61936707373)) ;
#1253=CARTESIAN_POINT('Control Point',(11.,1.05062456417,3.1541153582)) ;
#1254=CARTESIAN_POINT('Control Point',(11.0159041759,1.3546589167,3.1541153582)) ;
#1255=CARTESIAN_POINT('Control Point',(11.1472263225,1.65244771512,3.13316713401)) ;
#1256=CARTESIAN_POINT('Control Point',(11.391931295,1.8845820329,3.09100386321)) ;
#1257=CARTESIAN_POINT('Control Point',(11.6959656475,2.,3.03765963559)) ;
#1258=CARTESIAN_POINT('Control Point',(12.,2.,2.98431540796)) ;
#1259=CARTESIAN_POINT('Control Point',(11.,1.,3.35410196625)) ;
#1260=CARTESIAN_POINT('Control Point',(11.,1.31415926536,3.35410196625)) ;
#1261=CARTESIAN_POINT('Control Point',(11.123370055,1.62831853072,3.35410196625)) ;
#1262=CARTESIAN_POINT('Control Point',(11.3716814693,1.87662994499,3.35410196625)) ;
#1263=CARTESIAN_POINT('Control Point',(11.6858407346,2.,3.35410196625)) ;
#1264=CARTESIAN_POINT('Control Point',(12.,2.,3.35410196625)) ;
#1266=CARTESIAN_POINT('Control Point',(11.,1.,3.35410196625)) ;
#1267=CARTESIAN_POINT('Control Point',(11.,1.3926990817,3.35410196625)) ;
#1268=CARTESIAN_POINT('Control Point',(11.2095691611,1.79043083886,3.35410196625)) ;
#1269=CARTESIAN_POINT('Control Point',(11.6073009183,2.,3.35410196625)) ;
#1270=CARTESIAN_POINT('Control Point',(12.,2.,3.35410196625)) ;
#1271=CARTESIAN_POINT('Vertex',(12.,2.,3.35410196625)) ;
#1275=CARTESIAN_POINT('Control Point',(11.0580381232,2.,1.50000000002)) ;
#1276=CARTESIAN_POINT('Control Point',(11.1196486519,2.,1.54615902205)) ;
#1277=CARTESIAN_POINT('Control Point',(11.1792433372,2.,1.5949288488)) ;
#1278=CARTESIAN_POINT('Control Point',(11.2369351361,2.,1.64624775599)) ;
#1279=CARTESIAN_POINT('Control Point',(11.3568012536,2.,1.76197118348)) ;
#1280=CARTESIAN_POINT('Control Point',(11.4674123758,2.,1.88920139449)) ;
#1281=CARTESIAN_POINT('Control Point',(11.523756734,2.,1.96043280016)) ;
#1282=CARTESIAN_POINT('Control Point',(11.6304443588,2.,2.109273394)) ;
#1283=CARTESIAN_POINT('Control Point',(11.7239204554,2.,2.27029236383)) ;
#1284=CARTESIAN_POINT('Control Point',(11.7670661555,2.,2.35372326919)) ;
#1285=CARTESIAN_POINT('Control Point',(11.8744676329,2.,2.58970555789)) ;
#1286=CARTESIAN_POINT('Control Point',(11.9498258711,2.,2.84389802568)) ;
#1287=CARTESIAN_POINT('Control Point',(11.9830147126,2.,3.01115849104)) ;
#1288=CARTESIAN_POINT('Control Point',(12.,2.,3.18207869681)) ;
#1289=CARTESIAN_POINT('Control Point',(12.,2.,3.35410196625)) ;
#1298=CARTESIAN_POINT('Line Origine',(11.,1.,5.42705098313)) ;
#1310=CARTESIAN_POINT('Axis2P3D Location',(12.,1.,4.49094440493)) ;
#1315=CARTESIAN_POINT('Line Origine',(12.,2.,4.49094440493)) ;
#1335=CARTESIAN_POINT('Axis2P3D Location',(11.,2.29128784748,1.)) ;
#1341=CARTESIAN_POINT('Control Point',(8.,-3.35410196625,1.)) ;
#1342=CARTESIAN_POINT('Control Point',(8.,-3.25491311628,1.)) ;
#1343=CARTESIAN_POINT('Control Point',(7.98870591464,-3.15586208112,1.)) ;
#1344=CARTESIAN_POINT('Control Point',(7.96631523027,-3.05870088793,1.)) ;
#1345=CARTESIAN_POINT('Control Point',(7.90035460359,-2.87108939802,1.)) ;
#1346=CARTESIAN_POINT('Control Point',(7.79481561367,-2.70331105227,1.)) ;
#1347=CARTESIAN_POINT('Control Point',(7.73269948505,-2.62568890877,1.)) ;
#1348=CARTESIAN_POINT('Control Point',(7.59329446548,-2.48785490658,1.)) ;
#1349=CARTESIAN_POINT('Control Point',(7.42509133639,-2.38642550103,1.)) ;
#1350=CARTESIAN_POINT('Control Point',(7.33593970058,-2.34654794325,1.)) ;
#1351=CARTESIAN_POINT('Control Point',(7.21397148864,-2.31004607239,1.)) ;
#1352=CARTESIAN_POINT('Control Point',(7.08831384316,-2.29484078712,1.)) ;
#1353=CARTESIAN_POINT('Control Point',(7.0588529964,-2.29246884303,1.)) ;
#1354=CARTESIAN_POINT('Control Point',(7.02942652273,-2.29128784748,1.)) ;
#1355=CARTESIAN_POINT('Control Point',(7.,-2.29128784748,1.)) ;
#1356=CARTESIAN_POINT('Vertex',(8.,-3.35410196625,1.)) ;
#1359=CARTESIAN_POINT('Line Origine',(8.,-4.32269490686,1.)) ;
#1363=CARTESIAN_POINT('Vertex',(8.,-5.29128784748,1.)) ;
#1366=CARTESIAN_POINT('Line Origine',(9.,-5.29128784748,1.)) ;
#1370=CARTESIAN_POINT('Vertex',(10.,-5.29128784748,1.)) ;
#1373=CARTESIAN_POINT('Line Origine',(10.,-3.79128784748,1.)) ;
#1386=CARTESIAN_POINT('Axis2P3D Location',(10.,-3.78981729862,2.22044604925E-16)) ;
#1391=CARTESIAN_POINT('Axis2P3D Location',(10.,-5.29128784748,2.22044604925E-16)) ;
#1395=CARTESIAN_POINT('Vertex',(11.,-5.29128784748,0.)) ;
#1398=CARTESIAN_POINT('Line Origine',(11.,-3.78981729862,2.22044604925E-16)) ;
#1410=CARTESIAN_POINT('Axis2P3D Location',(10.,-3.78981729862,-2.22044604925E-16)) ;
#1415=CARTESIAN_POINT('Axis2P3D Location',(10.,-5.29128784748,-2.22044604925E-16)) ;
#1419=CARTESIAN_POINT('Vertex',(10.,-5.29128784748,-1.)) ;
#1422=CARTESIAN_POINT('Line Origine',(10.,-3.78981729862,-1.)) ;
#1434=CARTESIAN_POINT('Axis2P3D Location',(11.,-5.29128784748,1.)) ;
#1439=CARTESIAN_POINT('Line Origine',(8.,-5.29128784748,0.)) ;
#1443=CARTESIAN_POINT('Vertex',(8.,-5.29128784748,-1.)) ;
#1446=CARTESIAN_POINT('Line Origine',(9.,-5.29128784748,-1.)) ;
#1459=CARTESIAN_POINT('Axis2P3D Location',(7.,4.4408920985E-16,8.881784197E-16)) ;
#1465=CARTESIAN_POINT('Control Point',(8.,-3.35410196625,-1.)) ;
#1466=CARTESIAN_POINT('Control Point',(8.,-3.02888066727,-1.)) ;
#1467=CARTESIAN_POINT('Control Point',(7.87609544226,-2.70732812011,-0.999999413834)) ;
#1468=CARTESIAN_POINT('Control Point',(7.65078241394,-2.44051663277,-1.00000282659)) ;
#1469=CARTESIAN_POINT('Control Point',(7.32522129898,-2.29128784748,-1.)) ;
#1470=CARTESIAN_POINT('Control Point',(7.,-2.29128784748,-1.)) ;
#1471=CARTESIAN_POINT('Vertex',(8.,-3.35410196625,-1.)) ;
#1474=CARTESIAN_POINT('Axis2P3D Location',(8.,4.4408920985E-16,8.881784197E-16)) ;
#1478=CARTESIAN_POINT('Vertex',(8.,-3.5,5.54338710785E-15)) ;
#1481=CARTESIAN_POINT('Axis2P3D Location',(8.,4.4408920985E-16,8.881784197E-16)) ;
#1495=CARTESIAN_POINT('Axis2P3D Location',(8.,0.,0.)) ;
#1500=CARTESIAN_POINT('Line Origine',(8.,-4.32269490686,-1.)) ;
#1513=CARTESIAN_POINT('Axis2P3D Location',(11.,5.29128784748,-1.)) ;
#1527=CARTESIAN_POINT('Control Point',(8.,3.35410196625,-1.)) ;
#1528=CARTESIAN_POINT('Control Point',(8.,3.25491311628,-1.)) ;
#1529=CARTESIAN_POINT('Control Point',(7.98870591464,3.15586208112,-1.)) ;
#1530=CARTESIAN_POINT('Control Point',(7.96631523027,3.05870088793,-1.)) ;
#1531=CARTESIAN_POINT('Control Point',(7.90035460359,2.87108939802,-1.)) ;
#1532=CARTESIAN_POINT('Control Point',(7.79481561367,2.70331105227,-1.)) ;
#1533=CARTESIAN_POINT('Control Point',(7.73269948505,2.62568890877,-1.)) ;
#1534=CARTESIAN_POINT('Control Point',(7.59329446547,2.48785490658,-1.)) ;
#1535=CARTESIAN_POINT('Control Point',(7.42509133639,2.38642550103,-1.)) ;
#1536=CARTESIAN_POINT('Control Point',(7.33593970058,2.34654794325,-1.)) ;
#1537=CARTESIAN_POINT('Control Point',(7.21397148864,2.31004607239,-1.)) ;
#1538=CARTESIAN_POINT('Control Point',(7.08831384316,2.29484078712,-1.)) ;
#1539=CARTESIAN_POINT('Control Point',(7.0588529964,2.29246884303,-1.)) ;
#1540=CARTESIAN_POINT('Control Point',(7.02942652273,2.29128784748,-1.)) ;
#1541=CARTESIAN_POINT('Control Point',(7.,2.29128784748,-1.)) ;
#1542=CARTESIAN_POINT('Vertex',(8.,3.35410196625,-1.)) ;
#1545=CARTESIAN_POINT('Line Origine',(8.,4.32269490686,-1.)) ;
#1549=CARTESIAN_POINT('Vertex',(8.,5.29128784748,-1.)) ;
#1552=CARTESIAN_POINT('Line Origine',(9.,5.29128784748,-1.)) ;
#1556=CARTESIAN_POINT('Vertex',(10.,5.29128784748,-1.)) ;
#1559=CARTESIAN_POINT('Line Origine',(10.,3.79128784748,-1.)) ;
#1572=CARTESIAN_POINT('Axis2P3D Location',(10.,3.78981729862,-2.22044604925E-16)) ;
#1577=CARTESIAN_POINT('Axis2P3D Location',(10.,5.29128784748,-2.22044604925E-16)) ;
#1581=CARTESIAN_POINT('Vertex',(11.,5.29128784748,4.4408920985E-16)) ;
#1584=CARTESIAN_POINT('Line Origine',(11.,3.78981729862,-4.66973964755E-16)) ;
#1596=CARTESIAN_POINT('Axis2P3D Location',(7.,4.4408920985E-16,8.881784197E-16)) ;
#1602=CARTESIAN_POINT('Control Point',(8.,3.35410196625,1.)) ;
#1603=CARTESIAN_POINT('Control Point',(8.,3.02888066727,1.)) ;
#1604=CARTESIAN_POINT('Control Point',(7.87609544226,2.70732812011,0.999999413834)) ;
#1605=CARTESIAN_POINT('Control Point',(7.65078241394,2.44051663277,1.00000282659)) ;
#1606=CARTESIAN_POINT('Control Point',(7.32522129898,2.29128784748,1.)) ;
#1607=CARTESIAN_POINT('Control Point',(7.,2.29128784748,1.)) ;
#1608=CARTESIAN_POINT('Vertex',(8.,3.35410196625,1.)) ;
#1611=CARTESIAN_POINT('Axis2P3D Location',(8.,4.4408920985E-16,8.881784197E-16)) ;
#1615=CARTESIAN_POINT('Vertex',(8.,3.5,-2.14309790051E-16)) ;
#1618=CARTESIAN_POINT('Axis2P3D Location',(8.,4.4408920985E-16,8.881784197E-16)) ;
#1632=CARTESIAN_POINT('Line Origine',(8.,4.32269490686,1.)) ;
#1636=CARTESIAN_POINT('Vertex',(8.,5.29128784748,1.)) ;
#1639=CARTESIAN_POINT('Line Origine',(8.,5.29128784748,0.)) ;
#1652=CARTESIAN_POINT('Axis2P3D Location',(11.,5.29128784748,1.)) ;
#1657=CARTESIAN_POINT('Line Origine',(9.,5.29128784748,1.)) ;
#1661=CARTESIAN_POINT('Vertex',(10.,5.29128784748,1.)) ;
#1664=CARTESIAN_POINT('Axis2P3D Location',(10.,5.29128784748,2.22044604925E-16)) ;
#1677=CARTESIAN_POINT('Axis2P3D Location',(10.,3.78981729862,2.22044604925E-16)) ;
#1682=CARTESIAN_POINT('Line Origine',(10.,3.78981729862,1.)) ;
#8=PRODUCT_RELATED_PRODUCT_CATEGORY('part',$,(#5)) ;
#15=UNCERTAINTY_MEASURE_WITH_UNIT(LENGTH_MEASURE(0.005),#12,'distance_accuracy_value','CONFUSED CURVE UNCERTAINTY') ;
#29=STYLED_ITEM(' ',(#28),#21) ;
#28=PRESENTATION_STYLE_ASSIGNMENT((#27)) ;
#27=SURFACE_STYLE_USAGE(.BOTH.,#26) ;
#26=SURFACE_SIDE_STYLE(' ',(#25)) ;
#25=SURFACE_STYLE_FILL_AREA(#24) ;
#24=FILL_AREA_STYLE(' ',(#23)) ;
#23=FILL_AREA_STYLE_COLOUR(' ',#22) ;
#38=VECTOR('Line Direction',#37,1.) ;
#47=VECTOR('Line Direction',#46,1.) ;
#54=VECTOR('Line Direction',#53,1.) ;
#61=VECTOR('Line Direction',#60,1.) ;
#78=VECTOR('Line Direction',#77,1.) ;
#85=VECTOR('Line Direction',#84,1.) ;
#92=VECTOR('Line Direction',#91,1.) ;
#109=VECTOR('Line Direction',#108,1.) ;
#116=VECTOR('Line Direction',#115,1.) ;
#133=VECTOR('Line Direction',#132,1.) ;
#140=VECTOR('Line Direction',#139,1.) ;
#157=VECTOR('Line Direction',#156,1.) ;
#204=VECTOR('Line Direction',#203,1.) ;
#220=VECTOR('Line Direction',#219,1.) ;
#227=VECTOR('Line Direction',#226,1.) ;
#251=VECTOR('Line Direction',#250,1.) ;
#275=VECTOR('Line Direction',#274,1.) ;
#599=VECTOR('Line Direction',#598,1.) ;
#613=VECTOR('Line Direction',#612,1.) ;
#618=VECTOR('Line Direction',#617,1.) ;
#632=VECTOR('Line Direction',#631,1.) ;
#649=VECTOR('Line Direction',#648,1.) ;
#663=VECTOR('Line Direction',#662,1.) ;
#668=VECTOR('Line Direction',#667,1.) ;
#682=VECTOR('Line Direction',#681,1.) ;
#713=VECTOR('Line Direction',#712,1.) ;
#720=VECTOR('Line Direction',#719,1.) ;
#738=VECTOR('Line Direction',#737,1.) ;
#745=VECTOR('Line Direction',#744,1.) ;
#764=VECTOR('Line Direction',#763,1.) ;
#777=VECTOR('Line Direction',#776,1.) ;
#786=VECTOR('Line Direction',#785,1.) ;
#793=VECTOR('Line Direction',#792,1.) ;
#800=VECTOR('Line Direction',#799,1.) ;
#980=VECTOR('Line Direction',#979,1.) ;
#1031=VECTOR('Line Direction',#1030,1.) ;
#1053=VECTOR('Line Direction',#1052,1.) ;
#1072=VECTOR('Line Direction',#1071,1.) ;
#1103=VECTOR('Line Direction',#1102,1.) ;
#1110=VECTOR('Line Direction',#1109,1.) ;
#1133=VECTOR('Line Direction',#1132,1.) ;
#1147=VECTOR('Line Direction',#1146,1.) ;
#1300=VECTOR('Line Direction',#1299,1.) ;
#1317=VECTOR('Line Direction',#1316,1.) ;
#1361=VECTOR('Line Direction',#1360,1.) ;
#1368=VECTOR('Line Direction',#1367,1.) ;
#1375=VECTOR('Line Direction',#1374,1.) ;
#1400=VECTOR('Line Direction',#1399,1.) ;
#1424=VECTOR('Line Direction',#1423,1.) ;
#1441=VECTOR('Line Direction',#1440,1.) ;
#1448=VECTOR('Line Direction',#1447,1.) ;
#1502=VECTOR('Line Direction',#1501,1.) ;
#1547=VECTOR('Line Direction',#1546,1.) ;
#1554=VECTOR('Line Direction',#1553,1.) ;
#1561=VECTOR('Line Direction',#1560,1.) ;
#1586=VECTOR('Line Direction',#1585,1.) ;
#1634=VECTOR('Line Direction',#1633,1.) ;
#1641=VECTOR('Line Direction',#1640,1.) ;
#1659=VECTOR('Line Direction',#1658,1.) ;
#1684=VECTOR('Line Direction',#1683,1.) ;
#32=DIRECTION('Axis2P3D Direction',(-0.,0.,1.)) ;
#33=DIRECTION('Axis2P3D XDirection',(0.,-1.,0.)) ;
#37=DIRECTION('Vector Direction',(1.,0.,0.)) ;
#46=DIRECTION('Vector Direction',(0.,-1.,0.)) ;
#53=DIRECTION('Vector Direction',(1.,0.,0.)) ;
#60=DIRECTION('Vector Direction',(0.,-1.,0.)) ;
#72=DIRECTION('Axis2P3D Direction',(-1.,0.,0.)) ;
#73=DIRECTION('Axis2P3D XDirection',(0.,-1.,0.)) ;
#77=DIRECTION('Vector Direction',(0.,0.,1.)) ;
#84=DIRECTION('Vector Direction',(0.,1.,0.)) ;
#91=DIRECTION('Vector Direction',(0.,0.,-1.)) ;
#103=DIRECTION('Axis2P3D Direction',(0.,1.,0.)) ;
#104=DIRECTION('Axis2P3D XDirection',(0.,0.,1.)) ;
#108=DIRECTION('Vector Direction',(0.,0.,1.)) ;
#115=DIRECTION('Vector Direction',(1.,0.,0.)) ;
#127=DIRECTION('Axis2P3D Direction',(0.,-1.,0.)) ;
#128=DIRECTION('Axis2P3D XDirection',(0.,0.,-1.)) ;
#132=DIRECTION('Vector Direction',(1.,0.,0.)) ;
#139=DIRECTION('Vector Direction',(0.,0.,-1.)) ;
#151=DIRECTION('Axis2P3D Direction',(0.,0.,-1.)) ;
#152=DIRECTION('Axis2P3D XDirection',(0.,1.,0.)) ;
#156=DIRECTION('Vector Direction',(0.,1.,0.)) ;
#168=DIRECTION('Axis2P3D Direction',(1.,0.,0.)) ;
#169=DIRECTION('Axis2P3D XDirection',(0.,1.,0.)) ;
#173=DIRECTION('Axis2P3D Direction',(1.,0.,0.)) ;
#182=DIRECTION('Axis2P3D Direction',(1.,0.,0.)) ;
#198=DIRECTION('Axis2P3D Direction',(1.,0.,0.)) ;
#199=DIRECTION('Axis2P3D XDirection',(0.,1.,0.)) ;
#203=DIRECTION('Vector Direction',(0.,0.,-1.)) ;
#212=DIRECTION('Axis2P3D Direction',(1.,0.,0.)) ;
#219=DIRECTION('Vector Direction',(0.,0.,1.)) ;
#226=DIRECTION('Vector Direction',(0.,1.,0.)) ;
#238=DIRECTION('Axis2P3D Direction',(0.,0.,1.)) ;
#239=DIRECTION('Axis2P3D XDirection',(1.83697019872E-16,1.,-0.)) ;
#243=DIRECTION('Axis2P3D Direction',(0.,0.,1.)) ;
#250=DIRECTION('Vector Direction',(0.,0.,1.)) ;
#257=DIRECTION('Axis2P3D Direction',(0.,0.,1.)) ;
#269=DIRECTION('Axis2P3D Direction',(0.,0.,-1.)) ;
#270=DIRECTION('Axis2P3D XDirection',(1.83697019872E-16,-1.,-0.)) ;
#274=DIRECTION('Vector Direction',(0.,0.,-1.)) ;
#283=DIRECTION('Axis2P3D Direction',(0.,0.,-1.)) ;
#288=DIRECTION('Axis2P3D Direction',(0.,0.,-1.)) ;
#300=DIRECTION('Axis2P3D Direction',(1.,-0.,0.)) ;
#301=DIRECTION('Axis2P3D XDirection',(0.,1.,-1.26882631386E-16)) ;
#321=DIRECTION('Axis2P3D Direction',(1.,-0.,0.)) ;
#581=DIRECTION('Axis2P3D Direction',(1.,0.,0.)) ;
#582=DIRECTION('Axis2P3D XDirection',(0.,1.,0.)) ;
#598=DIRECTION('Vector Direction',(1.,0.,0.)) ;
#605=DIRECTION('Axis2P3D Direction',(1.,0.,0.)) ;
#612=DIRECTION('Vector Direction',(1.,0.,0.)) ;
#617=DIRECTION('Vector Direction',(1.,0.,0.)) ;
#624=DIRECTION('Axis2P3D Direction',(1.,0.,0.)) ;
#631=DIRECTION('Vector Direction',(1.,0.,0.)) ;
#648=DIRECTION('Vector Direction',(1.,0.,0.)) ;
#655=DIRECTION('Axis2P3D Direction',(1.,0.,0.)) ;
#662=DIRECTION('Vector Direction',(1.,0.,0.)) ;
#667=DIRECTION('Vector Direction',(1.,0.,0.)) ;
#674=DIRECTION('Axis2P3D Direction',(1.,0.,0.)) ;
#681=DIRECTION('Vector Direction',(1.,0.,0.)) ;
#707=DIRECTION('Axis2P3D Direction',(0.,1.,0.)) ;
#708=DIRECTION('Axis2P3D XDirection',(0.,0.,-1.)) ;
#712=DIRECTION('Vector Direction',(0.,0.,1.)) ;
#719=DIRECTION('Vector Direction',(-1.,0.,0.)) ;
#732=DIRECTION('Axis2P3D Direction',(0.,-0.,1.)) ;
#733=DIRECTION('Axis2P3D XDirection',(0.,1.,0.)) ;
#737=DIRECTION('Vector Direction',(0.,1.,0.)) ;
#744=DIRECTION('Vector Direction',(-1.,0.,0.)) ;
#758=DIRECTION('Axis2P3D Direction',(0.,-1.,0.)) ;
#759=DIRECTION('Axis2P3D XDirection',(0.,0.,1.)) ;
#763=DIRECTION('Vector Direction',(0.,0.,-1.)) ;
#776=DIRECTION('Vector Direction',(-1.,0.,0.)) ;
#785=DIRECTION('Vector Direction',(0.,0.,1.)) ;
#792=DIRECTION('Vector Direction',(-1.,0.,0.)) ;
#799=DIRECTION('Vector Direction',(0.,0.,1.)) ;
#974=DIRECTION('Axis2P3D Direction',(0.,0.,1.)) ;
#975=DIRECTION('Axis2P3D XDirection',(-1.,0.,0.)) ;
#979=DIRECTION('Vector Direction',(0.,0.,1.)) ;
#986=DIRECTION('Axis2P3D Direction',(0.,0.,1.)) ;
#1008=DIRECTION('Axis2P3D Direction',(1.,0.,0.)) ;
#1013=DIRECTION('Axis2P3D Direction',(1.,0.,0.)) ;
#1030=DIRECTION('Vector Direction',(1.,0.,0.)) ;
#1037=DIRECTION('Axis2P3D Direction',(1.,0.,0.)) ;
#1052=DIRECTION('Vector Direction',(1.,0.,0.)) ;
#1059=DIRECTION('Axis2P3D Direction',(1.,0.,0.)) ;
#1064=DIRECTION('Axis2P3D Direction',(1.,0.,0.)) ;
#1071=DIRECTION('Vector Direction',(1.,0.,0.)) ;
#1097=DIRECTION('Axis2P3D Direction',(1.,0.,0.)) ;
#1098=DIRECTION('Axis2P3D XDirection',(0.,1.,0.)) ;
#1102=DIRECTION('Vector Direction',(0.,0.,-1.)) ;
#1109=DIRECTION('Vector Direction',(0.,1.,0.)) ;
#1127=DIRECTION('Axis2P3D Direction',(0.,-0.,1.)) ;
#1128=DIRECTION('Axis2P3D XDirection',(0.,1.,0.)) ;
#1132=DIRECTION('Vector Direction',(-1.,0.,0.)) ;
#1139=DIRECTION('Axis2P3D Direction',(0.,-0.,1.)) ;
#1146=DIRECTION('Vector Direction',(0.,1.,0.)) ;
#1160=DIRECTION('Axis2P3D Direction',(1.,-0.,0.)) ;
#1161=DIRECTION('Axis2P3D XDirection',(0.,1.,-1.26882631386E-16)) ;
#1165=DIRECTION('Axis2P3D Direction',(1.,-0.,0.)) ;
#1299=DIRECTION('Vector Direction',(0.,0.,-1.)) ;
#1311=DIRECTION('Axis2P3D Direction',(0.,0.,-1.)) ;
#1312=DIRECTION('Axis2P3D XDirection',(-1.,0.,0.)) ;
#1316=DIRECTION('Vector Direction',(0.,0.,-1.)) ;
#1336=DIRECTION('Axis2P3D Direction',(0.,-0.,1.)) ;
#1337=DIRECTION('Axis2P3D XDirection',(0.,1.,0.)) ;
#1360=DIRECTION('Vector Direction',(0.,-1.,0.)) ;
#1367=DIRECTION('Vector Direction',(-1.,0.,0.)) ;
#1374=DIRECTION('Vector Direction',(0.,-1.,0.)) ;
#1387=DIRECTION('Axis2P3D Direction',(0.,-1.,0.)) ;
#1388=DIRECTION('Axis2P3D XDirection',(1.,0.,0.)) ;
#1392=DIRECTION('Axis2P3D Direction',(0.,-1.,0.)) ;
#1399=DIRECTION('Vector Direction',(0.,-1.,0.)) ;
#1411=DIRECTION('Axis2P3D Direction',(-0.,1.,0.)) ;
#1412=DIRECTION('Axis2P3D XDirection',(1.,0.,0.)) ;
#1416=DIRECTION('Axis2P3D Direction',(-0.,1.,0.)) ;
#1423=DIRECTION('Vector Direction',(0.,1.,0.)) ;
#1435=DIRECTION('Axis2P3D Direction',(0.,1.,0.)) ;
#1436=DIRECTION('Axis2P3D XDirection',(0.,0.,-1.)) ;
#1440=DIRECTION('Vector Direction',(0.,0.,-1.)) ;
#1447=DIRECTION('Vector Direction',(-1.,0.,0.)) ;
#1460=DIRECTION('Axis2P3D Direction',(-1.,-0.,0.)) ;
#1461=DIRECTION('Axis2P3D XDirection',(0.,-1.,1.24344978758E-15)) ;
#1475=DIRECTION('Axis2P3D Direction',(-1.,-0.,0.)) ;
#1482=DIRECTION('Axis2P3D Direction',(-1.,-0.,0.)) ;
#1496=DIRECTION('Axis2P3D Direction',(-1.,0.,0.)) ;
#1497=DIRECTION('Axis2P3D XDirection',(0.,-1.,0.)) ;
#1501=DIRECTION('Vector Direction',(0.,1.,0.)) ;
#1514=DIRECTION('Axis2P3D Direction',(-0.,-0.,-1.)) ;
#1515=DIRECTION('Axis2P3D XDirection',(0.,-1.,0.)) ;
#1546=DIRECTION('Vector Direction',(0.,-1.,0.)) ;
#1553=DIRECTION('Vector Direction',(-1.,0.,0.)) ;
#1560=DIRECTION('Vector Direction',(0.,-1.,0.)) ;
#1573=DIRECTION('Axis2P3D Direction',(0.,-1.,0.)) ;
#1574=DIRECTION('Axis2P3D XDirection',(-1.83697019872E-16,-0.,-1.)) ;
#1578=DIRECTION('Axis2P3D Direction',(0.,-1.,0.)) ;
#1585=DIRECTION('Vector Direction',(0.,-1.,0.)) ;
#1597=DIRECTION('Axis2P3D Direction',(-1.,-0.,0.)) ;
#1598=DIRECTION('Axis2P3D XDirection',(0.,-1.,1.24344978758E-15)) ;
#1612=DIRECTION('Axis2P3D Direction',(-1.,-0.,0.)) ;
#1619=DIRECTION('Axis2P3D Direction',(-1.,-0.,0.)) ;
#1633=DIRECTION('Vector Direction',(0.,1.,0.)) ;
#1640=DIRECTION('Vector Direction',(0.,0.,-1.)) ;
#1653=DIRECTION('Axis2P3D Direction',(0.,1.,0.)) ;
#1654=DIRECTION('Axis2P3D XDirection',(0.,0.,-1.)) ;
#1658=DIRECTION('Vector Direction',(-1.,0.,0.)) ;
#1665=DIRECTION('Axis2P3D Direction',(0.,1.,0.)) ;
#1678=DIRECTION('Axis2P3D Direction',(-0.,1.,0.)) ;
#1679=DIRECTION('Axis2P3D XDirection',(-1.83697019872E-16,-0.,1.)) ;
#1683=DIRECTION('Vector Direction',(0.,1.,0.)) ;
#1703=SHAPE_REPRESENTATION_RELATIONSHIP(' ',' ',#19,#1702) ;
#18=AXIS2_PLACEMENT_3D(' ',#17,$,$) ;
#34=AXIS2_PLACEMENT_3D('Plane Axis2P3D',#31,#32,#33) ;
#74=AXIS2_PLACEMENT_3D('Plane Axis2P3D',#71,#72,#73) ;
#105=AXIS2_PLACEMENT_3D('Plane Axis2P3D',#102,#103,#104) ;
#129=AXIS2_PLACEMENT_3D('Plane Axis2P3D',#126,#127,#128) ;
#153=AXIS2_PLACEMENT_3D('Plane Axis2P3D',#150,#151,#152) ;
#170=AXIS2_PLACEMENT_3D('Plane Axis2P3D',#167,#168,#169) ;
#174=AXIS2_PLACEMENT_3D('Circle Axis2P3D',#172,#173,$) ;
#183=AXIS2_PLACEMENT_3D('Circle Axis2P3D',#181,#182,$) ;
#200=AXIS2_PLACEMENT_3D('Plane Axis2P3D',#197,#198,#199) ;
#213=AXIS2_PLACEMENT_3D('Circle Axis2P3D',#211,#212,$) ;
#240=AXIS2_PLACEMENT_3D('Cylinder Axis2P3D',#237,#238,#239) ;
#244=AXIS2_PLACEMENT_3D('Circle Axis2P3D',#242,#243,$) ;
#258=AXIS2_PLACEMENT_3D('Circle Axis2P3D',#256,#257,$) ;
#271=AXIS2_PLACEMENT_3D('Cylinder Axis2P3D',#268,#269,#270) ;
#284=AXIS2_PLACEMENT_3D('Circle Axis2P3D',#282,#283,$) ;
#289=AXIS2_PLACEMENT_3D('Circle Axis2P3D',#287,#288,$) ;
#302=AXIS2_PLACEMENT_3D('Torus Axis2P3D',#299,#300,#301) ;
#322=AXIS2_PLACEMENT_3D('Circle Axis2P3D',#320,#321,$) ;
#583=AXIS2_PLACEMENT_3D('Cylinder Axis2P3D',#580,#581,#582) ;
#606=AXIS2_PLACEMENT_3D('Circle Axis2P3D',#604,#605,$) ;
#625=AXIS2_PLACEMENT_3D('Circle Axis2P3D',#623,#624,$) ;
#656=AXIS2_PLACEMENT_3D('Circle Axis2P3D',#654,#655,$) ;
#675=AXIS2_PLACEMENT_3D('Circle Axis2P3D',#673,#674,$) ;
#709=AXIS2_PLACEMENT_3D('Plane Axis2P3D',#706,#707,#708) ;
#734=AXIS2_PLACEMENT_3D('Plane Axis2P3D',#731,#732,#733) ;
#760=AXIS2_PLACEMENT_3D('Plane Axis2P3D',#757,#758,#759) ;
#976=AXIS2_PLACEMENT_3D('Cylinder Axis2P3D',#973,#974,#975) ;
#987=AXIS2_PLACEMENT_3D('Circle Axis2P3D',#985,#986,$) ;
#1009=AXIS2_PLACEMENT_3D('Circle Axis2P3D',#1007,#1008,$) ;
#1014=AXIS2_PLACEMENT_3D('Circle Axis2P3D',#1012,#1013,$) ;
#1038=AXIS2_PLACEMENT_3D('Circle Axis2P3D',#1036,#1037,$) ;
#1060=AXIS2_PLACEMENT_3D('Circle Axis2P3D',#1058,#1059,$) ;
#1065=AXIS2_PLACEMENT_3D('Circle Axis2P3D',#1063,#1064,$) ;
#1099=AXIS2_PLACEMENT_3D('Plane Axis2P3D',#1096,#1097,#1098) ;
#1129=AXIS2_PLACEMENT_3D('Plane Axis2P3D',#1126,#1127,#1128) ;
#1140=AXIS2_PLACEMENT_3D('Circle Axis2P3D',#1138,#1139,$) ;
#1162=AXIS2_PLACEMENT_3D('Torus Axis2P3D',#1159,#1160,#1161) ;
#1166=AXIS2_PLACEMENT_3D('Circle Axis2P3D',#1164,#1165,$) ;
#1313=AXIS2_PLACEMENT_3D('Cylinder Axis2P3D',#1310,#1311,#1312) ;
#1338=AXIS2_PLACEMENT_3D('Plane Axis2P3D',#1335,#1336,#1337) ;
#1389=AXIS2_PLACEMENT_3D('Cylinder Axis2P3D',#1386,#1387,#1388) ;
#1393=AXIS2_PLACEMENT_3D('Circle Axis2P3D',#1391,#1392,$) ;
#1413=AXIS2_PLACEMENT_3D('Cylinder Axis2P3D',#1410,#1411,#1412) ;
#1417=AXIS2_PLACEMENT_3D('Circle Axis2P3D',#1415,#1416,$) ;
#1437=AXIS2_PLACEMENT_3D('Plane Axis2P3D',#1434,#1435,#1436) ;
#1462=AXIS2_PLACEMENT_3D('Torus Axis2P3D',#1459,#1460,#1461) ;
#1476=AXIS2_PLACEMENT_3D('Circle Axis2P3D',#1474,#1475,$) ;
#1483=AXIS2_PLACEMENT_3D('Circle Axis2P3D',#1481,#1482,$) ;
#1498=AXIS2_PLACEMENT_3D('Plane Axis2P3D',#1495,#1496,#1497) ;
#1516=AXIS2_PLACEMENT_3D('Plane Axis2P3D',#1513,#1514,#1515) ;
#1575=AXIS2_PLACEMENT_3D('Cylinder Axis2P3D',#1572,#1573,#1574) ;
#1579=AXIS2_PLACEMENT_3D('Circle Axis2P3D',#1577,#1578,$) ;
#1599=AXIS2_PLACEMENT_3D('Torus Axis2P3D',#1596,#1597,#1598) ;
#1613=AXIS2_PLACEMENT_3D('Circle Axis2P3D',#1611,#1612,$) ;
#1620=AXIS2_PLACEMENT_3D('Circle Axis2P3D',#1618,#1619,$) ;
#1655=AXIS2_PLACEMENT_3D('Plane Axis2P3D',#1652,#1653,#1654) ;
#1666=AXIS2_PLACEMENT_3D('Circle Axis2P3D',#1664,#1665,$) ;
#1680=AXIS2_PLACEMENT_3D('Cylinder Axis2P3D',#1677,#1678,#1679) ;
#39=LINE('Line',#36,#38) ;
#48=LINE('Line',#45,#47) ;
#55=LINE('Line',#52,#54) ;
#62=LINE('Line',#59,#61) ;
#79=LINE('Line',#76,#78) ;
#86=LINE('Line',#83,#85) ;
#93=LINE('Line',#90,#92) ;
#110=LINE('Line',#107,#109) ;
#117=LINE('Line',#114,#116) ;
#134=LINE('Line',#131,#133) ;
#141=LINE('Line',#138,#140) ;
#158=LINE('Line',#155,#157) ;
#205=LINE('Line',#202,#204) ;
#221=LINE('Line',#218,#220) ;
#228=LINE('Line',#225,#227) ;
#252=LINE('Line',#249,#251) ;
#276=LINE('Line',#273,#275) ;
#600=LINE('Line',#597,#599) ;
#614=LINE('Line',#611,#613) ;
#619=LINE('Line',#616,#618) ;
#633=LINE('Line',#630,#632) ;
#650=LINE('Line',#647,#649) ;
#664=LINE('Line',#661,#663) ;
#669=LINE('Line',#666,#668) ;
#683=LINE('Line',#680,#682) ;
#714=LINE('Line',#711,#713) ;
#721=LINE('Line',#718,#720) ;
#739=LINE('Line',#736,#738) ;
#746=LINE('Line',#743,#745) ;
#765=LINE('Line',#762,#764) ;
#778=LINE('Line',#775,#777) ;
#787=LINE('Line',#784,#786) ;
#794=LINE('Line',#791,#793) ;
#801=LINE('Line',#798,#800) ;
#981=LINE('Line',#978,#980) ;
#1032=LINE('Line',#1029,#1031) ;
#1054=LINE('Line',#1051,#1053) ;
#1073=LINE('Line',#1070,#1072) ;
#1104=LINE('Line',#1101,#1103) ;
#1111=LINE('Line',#1108,#1110) ;
#1134=LINE('Line',#1131,#1133) ;
#1148=LINE('Line',#1145,#1147) ;
#1301=LINE('Line',#1298,#1300) ;
#1318=LINE('Line',#1315,#1317) ;
#1362=LINE('Line',#1359,#1361) ;
#1369=LINE('Line',#1366,#1368) ;
#1376=LINE('Line',#1373,#1375) ;
#1401=LINE('Line',#1398,#1400) ;
#1425=LINE('Line',#1422,#1424) ;
#1442=LINE('Line',#1439,#1441) ;
#1449=LINE('Line',#1446,#1448) ;
#1503=LINE('Line',#1500,#1502) ;
#1548=LINE('Line',#1545,#1547) ;
#1555=LINE('Line',#1552,#1554) ;
#1562=LINE('Line',#1559,#1561) ;
#1587=LINE('Line',#1584,#1586) ;
#1635=LINE('Line',#1632,#1634) ;
#1642=LINE('Line',#1639,#1641) ;
#1660=LINE('Line',#1657,#1659) ;
#1685=LINE('Line',#1682,#1684) ;
#175=CIRCLE('generated circle',#174,2.5) ;
#184=CIRCLE('generated circle',#183,2.5) ;
#214=CIRCLE('generated circle',#213,3.5) ;
#245=CIRCLE('generated circle',#244,1.) ;
#259=CIRCLE('generated circle',#258,1.) ;
#285=CIRCLE('generated circle',#284,1.) ;
#290=CIRCLE('generated circle',#289,1.) ;
#323=CIRCLE('generated circle',#322,2.5) ;
#607=CIRCLE('generated circle',#606,2.5) ;
#626=CIRCLE('generated circle',#625,2.5) ;
#657=CIRCLE('generated circle',#656,2.5) ;
#676=CIRCLE('generated circle',#675,2.5) ;
#988=CIRCLE('generated circle',#987,1.) ;
#1010=CIRCLE('generated circle',#1009,2.5) ;
#1015=CIRCLE('generated circle',#1014,2.5) ;
#1039=CIRCLE('generated circle',#1038,2.5) ;
#1061=CIRCLE('generated circle',#1060,2.5) ;
#1066=CIRCLE('generated circle',#1065,2.5) ;
#1141=CIRCLE('generated circle',#1140,1.) ;
#1167=CIRCLE('generated circle',#1166,3.5) ;
#1394=CIRCLE('generated circle',#1393,1.) ;
#1418=CIRCLE('generated circle',#1417,1.) ;
#1477=CIRCLE('generated circle',#1476,3.5) ;
#1484=CIRCLE('generated circle',#1483,3.5) ;
#1580=CIRCLE('generated circle',#1579,1.) ;
#1614=CIRCLE('generated circle',#1613,3.5) ;
#1621=CIRCLE('generated circle',#1620,3.5) ;
#1667=CIRCLE('generated circle',#1666,1.) ;
#35=PLANE('',#34) ;
#75=PLANE('',#74) ;
#106=PLANE('',#105) ;
#130=PLANE('',#129) ;
#154=PLANE('',#153) ;
#171=PLANE('',#170) ;
#201=PLANE('',#200) ;
#710=PLANE('',#709) ;
#735=PLANE('',#734) ;
#761=PLANE('',#760) ;
#1100=PLANE('',#1099) ;
#1130=PLANE('',#1129) ;
#1339=PLANE('',#1338) ;
#1438=PLANE('',#1437) ;
#1499=PLANE('',#1498) ;
#1517=PLANE('',#1516) ;
#1656=PLANE('',#1655) ;
#241=CYLINDRICAL_SURFACE('generated cylinder',#240,1.) ;
#272=CYLINDRICAL_SURFACE('generated cylinder',#271,1.) ;
#584=CYLINDRICAL_SURFACE('generated cylinder',#583,2.5) ;
#977=CYLINDRICAL_SURFACE('generated cylinder',#976,1.) ;
#1314=CYLINDRICAL_SURFACE('generated cylinder',#1313,1.) ;
#1390=CYLINDRICAL_SURFACE('generated cylinder',#1389,1.) ;
#1414=CYLINDRICAL_SURFACE('generated cylinder',#1413,1.) ;
#1576=CYLINDRICAL_SURFACE('generated cylinder',#1575,1.) ;
#1681=CYLINDRICAL_SURFACE('generated cylinder',#1680,1.) ;
#303=TOROIDAL_SURFACE('homeo Torus',#302,3.5,1.) ;
#1163=TOROIDAL_SURFACE('homeo Torus',#1162,3.5,1.) ;
#1463=TOROIDAL_SURFACE('homeo Torus',#1462,3.5,1.) ;
#1600=TOROIDAL_SURFACE('homeo Torus',#1599,3.5,1.) ;
#195=FACE_BOUND('',#190,.T.) ;
#44=EDGE_CURVE('',#41,#43,#39,.T.) ;
#51=EDGE_CURVE('',#41,#50,#48,.F.) ;
#58=EDGE_CURVE('',#50,#57,#55,.T.) ;
#63=EDGE_CURVE('',#43,#57,#62,.F.) ;
#82=EDGE_CURVE('',#57,#81,#79,.F.) ;
#89=EDGE_CURVE('',#81,#88,#86,.F.) ;
#94=EDGE_CURVE('',#88,#43,#93,.F.) ;
#113=EDGE_CURVE('',#50,#112,#110,.F.) ;
#118=EDGE_CURVE('',#112,#81,#117,.T.) ;
#137=EDGE_CURVE('',#136,#88,#134,.T.) ;
#142=EDGE_CURVE('',#136,#41,#141,.F.) ;
#159=EDGE_CURVE('',#112,#136,#158,.F.) ;
#180=EDGE_CURVE('',#177,#179,#175,.T.) ;
#185=EDGE_CURVE('',#179,#177,#184,.T.) ;
#210=EDGE_CURVE('',#207,#209,#205,.T.) ;
#217=EDGE_CURVE('',#207,#216,#214,.T.) ;
#224=EDGE_CURVE('',#223,#216,#221,.T.) ;
#229=EDGE_CURVE('',#209,#223,#228,.T.) ;
#248=EDGE_CURVE('',#247,#216,#245,.T.) ;
#255=EDGE_CURVE('',#254,#247,#252,.T.) ;
#260=EDGE_CURVE('',#254,#223,#259,.T.) ;
#281=EDGE_CURVE('',#278,#280,#276,.T.) ;
#286=EDGE_CURVE('',#278,#207,#285,.T.) ;
#291=EDGE_CURVE('',#209,#280,#290,.F.) ;
#319=EDGE_CURVE('',#318,#207,#304,.T.) ;
#326=EDGE_CURVE('',#318,#325,#323,.T.) ;
#340=EDGE_CURVE('',#216,#325,#327,.T.) ;
#457=EDGE_CURVE('',#247,#456,#439,.T.) ;
#465=EDGE_CURVE('',#325,#456,#458,.F.) ;
#564=EDGE_CURVE('',#563,#278,#546,.T.) ;
#572=EDGE_CURVE('',#563,#318,#565,.T.) ;
#596=EDGE_CURVE('',#593,#595,#585,.F.) ;
#603=EDGE_CURVE('',#593,#602,#600,.F.) ;
#610=EDGE_CURVE('',#602,#609,#607,.F.) ;
#615=EDGE_CURVE('',#177,#609,#614,.T.) ;
#622=EDGE_CURVE('',#179,#621,#619,.T.) ;
#629=EDGE_CURVE('',#628,#621,#626,.T.) ;
#636=EDGE_CURVE('',#628,#635,#633,.T.) ;
#646=EDGE_CURVE('',#645,#635,#637,.T.) ;
#653=EDGE_CURVE('',#645,#652,#650,.T.) ;
#660=EDGE_CURVE('',#659,#652,#657,.T.) ;
#665=EDGE_CURVE('',#659,#456,#664,.F.) ;
#672=EDGE_CURVE('',#563,#671,#669,.T.) ;
#679=EDGE_CURVE('',#678,#671,#676,.T.) ;
#684=EDGE_CURVE('',#595,#678,#683,.T.) ;
#717=EDGE_CURVE('',#716,#659,#714,.T.) ;
#722=EDGE_CURVE('',#716,#254,#721,.T.) ;
#742=EDGE_CURVE('',#741,#716,#739,.T.) ;
#747=EDGE_CURVE('',#741,#280,#746,.T.) ;
#766=EDGE_CURVE('',#671,#741,#765,.T.) ;
#783=EDGE_CURVE('',#780,#782,#778,.T.) ;
#790=EDGE_CURVE('',#789,#780,#787,.F.) ;
#797=EDGE_CURVE('',#789,#796,#794,.T.) ;
#804=EDGE_CURVE('',#796,#803,#801,.F.) ;
#821=EDGE_CURVE('',#803,#782,#805,.T.) ;
#929=EDGE_CURVE('',#803,#928,#921,.F.) ;
#957=EDGE_CURVE('',#928,#956,#930,.T.) ;
#965=EDGE_CURVE('',#956,#782,#958,.F.) ;
#984=EDGE_CURVE('',#983,#928,#981,.F.) ;
#989=EDGE_CURVE('',#796,#983,#988,.F.) ;
#1006=EDGE_CURVE('',#595,#1005,#997,.T.) ;
#1011=EDGE_CURVE('',#780,#678,#1010,.T.) ;
#1018=EDGE_CURVE('',#1017,#956,#1015,.T.) ;
#1028=EDGE_CURVE('',#1027,#1017,#1019,.T.) ;
#1035=EDGE_CURVE('',#1027,#1034,#1032,.T.) ;
#1040=EDGE_CURVE('',#652,#1034,#1039,.T.) ;
#1050=EDGE_CURVE('',#1049,#645,#1041,.F.) ;
#1057=EDGE_CURVE('',#1049,#1056,#1054,.F.) ;
#1062=EDGE_CURVE('',#621,#1056,#1061,.T.) ;
#1069=EDGE_CURVE('',#609,#1068,#1066,.F.) ;
#1074=EDGE_CURVE('',#1068,#1005,#1073,.T.) ;
#1107=EDGE_CURVE('',#1034,#1106,#1104,.F.) ;
#1112=EDGE_CURVE('',#1106,#789,#1111,.F.) ;
#1137=EDGE_CURVE('',#1106,#1136,#1134,.T.) ;
#1144=EDGE_CURVE('',#1143,#1136,#1141,.F.) ;
#1149=EDGE_CURVE('',#1143,#983,#1148,.F.) ;
#1170=EDGE_CURVE('',#1169,#928,#1167,.T.) ;
#1184=EDGE_CURVE('',#1017,#1169,#1171,.T.) ;
#1273=EDGE_CURVE('',#1272,#1169,#1265,.F.) ;
#1290=EDGE_CURVE('',#1027,#1272,#1274,.T.) ;
#1302=EDGE_CURVE('',#1169,#1143,#1301,.F.) ;
#1319=EDGE_CURVE('',#1272,#1136,#1318,.F.) ;
#1358=EDGE_CURVE('',#1068,#1357,#1340,.F.) ;
#1365=EDGE_CURVE('',#1364,#1357,#1362,.F.) ;
#1372=EDGE_CURVE('',#1371,#1364,#1369,.T.) ;
#1377=EDGE_CURVE('',#1371,#1005,#1376,.F.) ;
#1397=EDGE_CURVE('',#1371,#1396,#1394,.F.) ;
#1402=EDGE_CURVE('',#595,#1396,#1401,.T.) ;
#1421=EDGE_CURVE('',#1396,#1420,#1418,.T.) ;
#1426=EDGE_CURVE('',#593,#1420,#1425,.F.) ;
#1445=EDGE_CURVE('',#1444,#1364,#1442,.F.) ;
#1450=EDGE_CURVE('',#1420,#1444,#1449,.T.) ;
#1473=EDGE_CURVE('',#1472,#602,#1464,.T.) ;
#1480=EDGE_CURVE('',#1472,#1479,#1477,.T.) ;
#1485=EDGE_CURVE('',#1479,#1357,#1484,.T.) ;
#1504=EDGE_CURVE('',#1472,#1444,#1503,.F.) ;
#1544=EDGE_CURVE('',#628,#1543,#1526,.F.) ;
#1551=EDGE_CURVE('',#1550,#1543,#1548,.T.) ;
#1558=EDGE_CURVE('',#1557,#1550,#1555,.T.) ;
#1563=EDGE_CURVE('',#1557,#635,#1562,.T.) ;
#1583=EDGE_CURVE('',#1557,#1582,#1580,.T.) ;
#1588=EDGE_CURVE('',#645,#1582,#1587,.F.) ;
#1610=EDGE_CURVE('',#1609,#1056,#1601,.T.) ;
#1617=EDGE_CURVE('',#1616,#1609,#1614,.F.) ;
#1622=EDGE_CURVE('',#1543,#1616,#1621,.F.) ;
#1638=EDGE_CURVE('',#1609,#1637,#1635,.T.) ;
#1643=EDGE_CURVE('',#1637,#1550,#1642,.T.) ;
#1663=EDGE_CURVE('',#1662,#1637,#1660,.T.) ;
#1668=EDGE_CURVE('',#1582,#1662,#1667,.F.) ;
#1686=EDGE_CURVE('',#1049,#1662,#1685,.T.) ;
#30=CLOSED_SHELL('Closed Shell',(#70,#101,#125,#149,#166,#196,#236,#267,#298,#347,#472,#579,#705,#730,#756,#774,#829,#972,#996,#1095,#1125,#1158,#1191,#1297,#1309,#1326,#1334,#1385,#1409,#1433,#1458,#1494,#1512,#1525,#1571,#1595,#1631,#1651,#1676,#1693,#1701)) ;
#65=ORIENTED_EDGE('',*,*,#44,.F.) ;
#66=ORIENTED_EDGE('',*,*,#51,.T.) ;
#67=ORIENTED_EDGE('',*,*,#58,.T.) ;
#68=ORIENTED_EDGE('',*,*,#63,.F.) ;
#96=ORIENTED_EDGE('',*,*,#63,.T.) ;
#97=ORIENTED_EDGE('',*,*,#82,.T.) ;
#98=ORIENTED_EDGE('',*,*,#89,.T.) ;
#99=ORIENTED_EDGE('',*,*,#94,.T.) ;
#120=ORIENTED_EDGE('',*,*,#58,.F.) ;
#121=ORIENTED_EDGE('',*,*,#113,.T.) ;
#122=ORIENTED_EDGE('',*,*,#118,.T.) ;
#123=ORIENTED_EDGE('',*,*,#82,.F.) ;
#144=ORIENTED_EDGE('',*,*,#137,.F.) ;
#145=ORIENTED_EDGE('',*,*,#142,.T.) ;
#146=ORIENTED_EDGE('',*,*,#44,.T.) ;
#147=ORIENTED_EDGE('',*,*,#94,.F.) ;
#161=ORIENTED_EDGE('',*,*,#118,.F.) ;
#162=ORIENTED_EDGE('',*,*,#159,.T.) ;
#163=ORIENTED_EDGE('',*,*,#137,.T.) ;
#164=ORIENTED_EDGE('',*,*,#89,.F.) ;
#187=ORIENTED_EDGE('',*,*,#180,.F.) ;
#188=ORIENTED_EDGE('',*,*,#185,.F.) ;
#191=ORIENTED_EDGE('',*,*,#159,.F.) ;
#192=ORIENTED_EDGE('',*,*,#113,.F.) ;
#193=ORIENTED_EDGE('',*,*,#51,.F.) ;
#194=ORIENTED_EDGE('',*,*,#142,.F.) ;
#231=ORIENTED_EDGE('',*,*,#210,.F.) ;
#232=ORIENTED_EDGE('',*,*,#217,.T.) ;
#233=ORIENTED_EDGE('',*,*,#224,.F.) ;
#234=ORIENTED_EDGE('',*,*,#229,.F.) ;
#262=ORIENTED_EDGE('',*,*,#224,.T.) ;
#263=ORIENTED_EDGE('',*,*,#248,.F.) ;
#264=ORIENTED_EDGE('',*,*,#255,.F.) ;
#265=ORIENTED_EDGE('',*,*,#260,.T.) ;
#293=ORIENTED_EDGE('',*,*,#281,.F.) ;
#294=ORIENTED_EDGE('',*,*,#286,.T.) ;
#295=ORIENTED_EDGE('',*,*,#210,.T.) ;
#296=ORIENTED_EDGE('',*,*,#291,.T.) ;
#342=ORIENTED_EDGE('',*,*,#319,.F.) ;
#343=ORIENTED_EDGE('',*,*,#326,.T.) ;
#344=ORIENTED_EDGE('',*,*,#340,.F.) ;
#345=ORIENTED_EDGE('',*,*,#217,.F.) ;
#467=ORIENTED_EDGE('',*,*,#457,.F.) ;
#468=ORIENTED_EDGE('',*,*,#248,.T.) ;
#469=ORIENTED_EDGE('',*,*,#340,.T.) ;
#470=ORIENTED_EDGE('',*,*,#465,.T.) ;
#574=ORIENTED_EDGE('',*,*,#319,.T.) ;
#575=ORIENTED_EDGE('',*,*,#286,.F.) ;
#576=ORIENTED_EDGE('',*,*,#564,.F.) ;
#577=ORIENTED_EDGE('',*,*,#572,.T.) ;
#686=ORIENTED_EDGE('',*,*,#596,.F.) ;
#687=ORIENTED_EDGE('',*,*,#603,.T.) ;
#688=ORIENTED_EDGE('',*,*,#610,.T.) ;
#689=ORIENTED_EDGE('',*,*,#615,.F.) ;
#690=ORIENTED_EDGE('',*,*,#180,.T.) ;
#691=ORIENTED_EDGE('',*,*,#622,.T.) ;
#692=ORIENTED_EDGE('',*,*,#629,.F.) ;
#693=ORIENTED_EDGE('',*,*,#636,.T.) ;
#694=ORIENTED_EDGE('',*,*,#646,.F.) ;
#695=ORIENTED_EDGE('',*,*,#653,.T.) ;
#696=ORIENTED_EDGE('',*,*,#660,.F.) ;
#697=ORIENTED_EDGE('',*,*,#665,.T.) ;
#698=ORIENTED_EDGE('',*,*,#465,.F.) ;
#699=ORIENTED_EDGE('',*,*,#326,.F.) ;
#700=ORIENTED_EDGE('',*,*,#572,.F.) ;
#701=ORIENTED_EDGE('',*,*,#672,.T.) ;
#702=ORIENTED_EDGE('',*,*,#679,.F.) ;
#703=ORIENTED_EDGE('',*,*,#684,.F.) ;
#724=ORIENTED_EDGE('',*,*,#665,.F.) ;
#725=ORIENTED_EDGE('',*,*,#717,.F.) ;
#726=ORIENTED_EDGE('',*,*,#722,.T.) ;
#727=ORIENTED_EDGE('',*,*,#255,.T.) ;
#728=ORIENTED_EDGE('',*,*,#457,.T.) ;
#749=ORIENTED_EDGE('',*,*,#291,.F.) ;
#750=ORIENTED_EDGE('',*,*,#229,.T.) ;
#751=ORIENTED_EDGE('',*,*,#260,.F.) ;
#752=ORIENTED_EDGE('',*,*,#722,.F.) ;
#753=ORIENTED_EDGE('',*,*,#742,.F.) ;
#754=ORIENTED_EDGE('',*,*,#747,.T.) ;
#768=ORIENTED_EDGE('',*,*,#747,.F.) ;
#769=ORIENTED_EDGE('',*,*,#766,.F.) ;
#770=ORIENTED_EDGE('',*,*,#672,.F.) ;
#771=ORIENTED_EDGE('',*,*,#564,.T.) ;
#772=ORIENTED_EDGE('',*,*,#281,.T.) ;
#823=ORIENTED_EDGE('',*,*,#783,.F.) ;
#824=ORIENTED_EDGE('',*,*,#790,.F.) ;
#825=ORIENTED_EDGE('',*,*,#797,.T.) ;
#826=ORIENTED_EDGE('',*,*,#804,.T.) ;
#827=ORIENTED_EDGE('',*,*,#821,.T.) ;
#967=ORIENTED_EDGE('',*,*,#821,.F.) ;
#968=ORIENTED_EDGE('',*,*,#929,.T.) ;
#969=ORIENTED_EDGE('',*,*,#957,.T.) ;
#970=ORIENTED_EDGE('',*,*,#965,.T.) ;
#991=ORIENTED_EDGE('',*,*,#984,.T.) ;
#992=ORIENTED_EDGE('',*,*,#929,.F.) ;
#993=ORIENTED_EDGE('',*,*,#804,.F.) ;
#994=ORIENTED_EDGE('',*,*,#989,.T.) ;
#1076=ORIENTED_EDGE('',*,*,#1006,.F.) ;
#1077=ORIENTED_EDGE('',*,*,#684,.T.) ;
#1078=ORIENTED_EDGE('',*,*,#1011,.F.) ;
#1079=ORIENTED_EDGE('',*,*,#783,.T.) ;
#1080=ORIENTED_EDGE('',*,*,#965,.F.) ;
#1081=ORIENTED_EDGE('',*,*,#1018,.F.) ;
#1082=ORIENTED_EDGE('',*,*,#1028,.F.) ;
#1083=ORIENTED_EDGE('',*,*,#1035,.T.) ;
#1084=ORIENTED_EDGE('',*,*,#1040,.F.) ;
#1085=ORIENTED_EDGE('',*,*,#653,.F.) ;
#1086=ORIENTED_EDGE('',*,*,#1050,.F.) ;
#1087=ORIENTED_EDGE('',*,*,#1057,.T.) ;
#1088=ORIENTED_EDGE('',*,*,#1062,.F.) ;
#1089=ORIENTED_EDGE('',*,*,#622,.F.) ;
#1090=ORIENTED_EDGE('',*,*,#185,.T.) ;
#1091=ORIENTED_EDGE('',*,*,#615,.T.) ;
#1092=ORIENTED_EDGE('',*,*,#1069,.T.) ;
#1093=ORIENTED_EDGE('',*,*,#1074,.T.) ;
#1114=ORIENTED_EDGE('',*,*,#766,.T.) ;
#1115=ORIENTED_EDGE('',*,*,#742,.T.) ;
#1116=ORIENTED_EDGE('',*,*,#717,.T.) ;
#1117=ORIENTED_EDGE('',*,*,#660,.T.) ;
#1118=ORIENTED_EDGE('',*,*,#1040,.T.) ;
#1119=ORIENTED_EDGE('',*,*,#1107,.T.) ;
#1120=ORIENTED_EDGE('',*,*,#1112,.T.) ;
#1121=ORIENTED_EDGE('',*,*,#790,.T.) ;
#1122=ORIENTED_EDGE('',*,*,#1011,.T.) ;
#1123=ORIENTED_EDGE('',*,*,#679,.T.) ;
#1151=ORIENTED_EDGE('',*,*,#797,.F.) ;
#1152=ORIENTED_EDGE('',*,*,#1112,.F.) ;
#1153=ORIENTED_EDGE('',*,*,#1137,.T.) ;
#1154=ORIENTED_EDGE('',*,*,#1144,.F.) ;
#1155=ORIENTED_EDGE('',*,*,#1149,.T.) ;
#1156=ORIENTED_EDGE('',*,*,#989,.F.) ;
#1186=ORIENTED_EDGE('',*,*,#957,.F.) ;
#1187=ORIENTED_EDGE('',*,*,#1170,.F.) ;
#1188=ORIENTED_EDGE('',*,*,#1184,.F.) ;
#1189=ORIENTED_EDGE('',*,*,#1018,.T.) ;
#1292=ORIENTED_EDGE('',*,*,#1184,.T.) ;
#1293=ORIENTED_EDGE('',*,*,#1273,.F.) ;
#1294=ORIENTED_EDGE('',*,*,#1290,.F.) ;
#1295=ORIENTED_EDGE('',*,*,#1028,.T.) ;
#1304=ORIENTED_EDGE('',*,*,#984,.F.) ;
#1305=ORIENTED_EDGE('',*,*,#1149,.F.) ;
#1306=ORIENTED_EDGE('',*,*,#1302,.F.) ;
#1307=ORIENTED_EDGE('',*,*,#1170,.T.) ;
#1321=ORIENTED_EDGE('',*,*,#1319,.F.) ;
#1322=ORIENTED_EDGE('',*,*,#1273,.T.) ;
#1323=ORIENTED_EDGE('',*,*,#1302,.T.) ;
#1324=ORIENTED_EDGE('',*,*,#1144,.T.) ;
#1328=ORIENTED_EDGE('',*,*,#1137,.F.) ;
#1329=ORIENTED_EDGE('',*,*,#1107,.F.) ;
#1330=ORIENTED_EDGE('',*,*,#1035,.F.) ;
#1331=ORIENTED_EDGE('',*,*,#1290,.T.) ;
#1332=ORIENTED_EDGE('',*,*,#1319,.T.) ;
#1379=ORIENTED_EDGE('',*,*,#1074,.F.) ;
#1380=ORIENTED_EDGE('',*,*,#1358,.T.) ;
#1381=ORIENTED_EDGE('',*,*,#1365,.F.) ;
#1382=ORIENTED_EDGE('',*,*,#1372,.F.) ;
#1383=ORIENTED_EDGE('',*,*,#1377,.T.) ;
#1404=ORIENTED_EDGE('',*,*,#1006,.T.) ;
#1405=ORIENTED_EDGE('',*,*,#1377,.F.) ;
#1406=ORIENTED_EDGE('',*,*,#1397,.T.) ;
#1407=ORIENTED_EDGE('',*,*,#1402,.F.) ;
#1428=ORIENTED_EDGE('',*,*,#1421,.T.) ;
#1429=ORIENTED_EDGE('',*,*,#1426,.F.) ;
#1430=ORIENTED_EDGE('',*,*,#596,.T.) ;
#1431=ORIENTED_EDGE('',*,*,#1402,.T.) ;
#1452=ORIENTED_EDGE('',*,*,#1421,.F.) ;
#1453=ORIENTED_EDGE('',*,*,#1397,.F.) ;
#1454=ORIENTED_EDGE('',*,*,#1372,.T.) ;
#1455=ORIENTED_EDGE('',*,*,#1445,.F.) ;
#1456=ORIENTED_EDGE('',*,*,#1450,.F.) ;
#1487=ORIENTED_EDGE('',*,*,#1358,.F.) ;
#1488=ORIENTED_EDGE('',*,*,#1069,.F.) ;
#1489=ORIENTED_EDGE('',*,*,#610,.F.) ;
#1490=ORIENTED_EDGE('',*,*,#1473,.F.) ;
#1491=ORIENTED_EDGE('',*,*,#1480,.T.) ;
#1492=ORIENTED_EDGE('',*,*,#1485,.T.) ;
#1506=ORIENTED_EDGE('',*,*,#1504,.T.) ;
#1507=ORIENTED_EDGE('',*,*,#1445,.T.) ;
#1508=ORIENTED_EDGE('',*,*,#1365,.T.) ;
#1509=ORIENTED_EDGE('',*,*,#1485,.F.) ;
#1510=ORIENTED_EDGE('',*,*,#1480,.F.) ;
#1519=ORIENTED_EDGE('',*,*,#1450,.T.) ;
#1520=ORIENTED_EDGE('',*,*,#1504,.F.) ;
#1521=ORIENTED_EDGE('',*,*,#1473,.T.) ;
#1522=ORIENTED_EDGE('',*,*,#603,.F.) ;
#1523=ORIENTED_EDGE('',*,*,#1426,.T.) ;
#1565=ORIENTED_EDGE('',*,*,#636,.F.) ;
#1566=ORIENTED_EDGE('',*,*,#1544,.T.) ;
#1567=ORIENTED_EDGE('',*,*,#1551,.F.) ;
#1568=ORIENTED_EDGE('',*,*,#1558,.F.) ;
#1569=ORIENTED_EDGE('',*,*,#1563,.T.) ;
#1590=ORIENTED_EDGE('',*,*,#646,.T.) ;
#1591=ORIENTED_EDGE('',*,*,#1563,.F.) ;
#1592=ORIENTED_EDGE('',*,*,#1583,.T.) ;
#1593=ORIENTED_EDGE('',*,*,#1588,.F.) ;
#1624=ORIENTED_EDGE('',*,*,#1610,.F.) ;
#1625=ORIENTED_EDGE('',*,*,#1617,.F.) ;
#1626=ORIENTED_EDGE('',*,*,#1622,.F.) ;
#1627=ORIENTED_EDGE('',*,*,#1544,.F.) ;
#1628=ORIENTED_EDGE('',*,*,#629,.T.) ;
#1629=ORIENTED_EDGE('',*,*,#1062,.T.) ;
#1645=ORIENTED_EDGE('',*,*,#1638,.T.) ;
#1646=ORIENTED_EDGE('',*,*,#1643,.T.) ;
#1647=ORIENTED_EDGE('',*,*,#1551,.T.) ;
#1648=ORIENTED_EDGE('',*,*,#1622,.T.) ;
#1649=ORIENTED_EDGE('',*,*,#1617,.T.) ;
#1670=ORIENTED_EDGE('',*,*,#1583,.F.) ;
#1671=ORIENTED_EDGE('',*,*,#1558,.T.) ;
#1672=ORIENTED_EDGE('',*,*,#1643,.F.) ;
#1673=ORIENTED_EDGE('',*,*,#1663,.F.) ;
#1674=ORIENTED_EDGE('',*,*,#1668,.F.) ;
#1688=ORIENTED_EDGE('',*,*,#1668,.T.) ;
#1689=ORIENTED_EDGE('',*,*,#1686,.F.) ;
#1690=ORIENTED_EDGE('',*,*,#1050,.T.) ;
#1691=ORIENTED_EDGE('',*,*,#1588,.T.) ;
#1695=ORIENTED_EDGE('',*,*,#1663,.T.) ;
#1696=ORIENTED_EDGE('',*,*,#1638,.F.) ;
#1697=ORIENTED_EDGE('',*,*,#1610,.T.) ;
#1698=ORIENTED_EDGE('',*,*,#1057,.F.) ;
#1699=ORIENTED_EDGE('',*,*,#1686,.T.) ;
#64=EDGE_LOOP('',(#65,#66,#67,#68)) ;
#95=EDGE_LOOP('',(#96,#97,#98,#99)) ;
#119=EDGE_LOOP('',(#120,#121,#122,#123)) ;
#143=EDGE_LOOP('',(#144,#145,#146,#147)) ;
#160=EDGE_LOOP('',(#161,#162,#163,#164)) ;
#186=EDGE_LOOP('',(#187,#188)) ;
#190=EDGE_LOOP('',(#191,#192,#193,#194)) ;
#230=EDGE_LOOP('',(#231,#232,#233,#234)) ;
#261=EDGE_LOOP('',(#262,#263,#264,#265)) ;
#292=EDGE_LOOP('',(#293,#294,#295,#296)) ;
#341=EDGE_LOOP('',(#342,#343,#344,#345)) ;
#466=EDGE_LOOP('',(#467,#468,#469,#470)) ;
#573=EDGE_LOOP('',(#574,#575,#576,#577)) ;
#685=EDGE_LOOP('',(#686,#687,#688,#689,#690,#691,#692,#693,#694,#695,#696,#697,#698,#699,#700,#701,#702,#703)) ;
#723=EDGE_LOOP('',(#724,#725,#726,#727,#728)) ;
#748=EDGE_LOOP('',(#749,#750,#751,#752,#753,#754)) ;
#767=EDGE_LOOP('',(#768,#769,#770,#771,#772)) ;
#822=EDGE_LOOP('',(#823,#824,#825,#826,#827)) ;
#966=EDGE_LOOP('',(#967,#968,#969,#970)) ;
#990=EDGE_LOOP('',(#991,#992,#993,#994)) ;
#1075=EDGE_LOOP('',(#1076,#1077,#1078,#1079,#1080,#1081,#1082,#1083,#1084,#1085,#1086,#1087,#1088,#1089,#1090,#1091,#1092,#1093)) ;
#1113=EDGE_LOOP('',(#1114,#1115,#1116,#1117,#1118,#1119,#1120,#1121,#1122,#1123)) ;
#1150=EDGE_LOOP('',(#1151,#1152,#1153,#1154,#1155,#1156)) ;
#1185=EDGE_LOOP('',(#1186,#1187,#1188,#1189)) ;
#1291=EDGE_LOOP('',(#1292,#1293,#1294,#1295)) ;
#1303=EDGE_LOOP('',(#1304,#1305,#1306,#1307)) ;
#1320=EDGE_LOOP('',(#1321,#1322,#1323,#1324)) ;
#1327=EDGE_LOOP('',(#1328,#1329,#1330,#1331,#1332)) ;
#1378=EDGE_LOOP('',(#1379,#1380,#1381,#1382,#1383)) ;
#1403=EDGE_LOOP('',(#1404,#1405,#1406,#1407)) ;
#1427=EDGE_LOOP('',(#1428,#1429,#1430,#1431)) ;
#1451=EDGE_LOOP('',(#1452,#1453,#1454,#1455,#1456)) ;
#1486=EDGE_LOOP('',(#1487,#1488,#1489,#1490,#1491,#1492)) ;
#1505=EDGE_LOOP('',(#1506,#1507,#1508,#1509,#1510)) ;
#1518=EDGE_LOOP('',(#1519,#1520,#1521,#1522,#1523)) ;
#1564=EDGE_LOOP('',(#1565,#1566,#1567,#1568,#1569)) ;
#1589=EDGE_LOOP('',(#1590,#1591,#1592,#1593)) ;
#1623=EDGE_LOOP('',(#1624,#1625,#1626,#1627,#1628,#1629)) ;
#1644=EDGE_LOOP('',(#1645,#1646,#1647,#1648,#1649)) ;
#1669=EDGE_LOOP('',(#1670,#1671,#1672,#1673,#1674)) ;
#1687=EDGE_LOOP('',(#1688,#1689,#1690,#1691)) ;
#1694=EDGE_LOOP('',(#1695,#1696,#1697,#1698,#1699)) ;
#21=MANIFOLD_SOLID_BREP('Corps principal',#30) ;
#41=VERTEX_POINT('',#40) ;
#43=VERTEX_POINT('',#42) ;
#50=VERTEX_POINT('',#49) ;
#57=VERTEX_POINT('',#56) ;
#81=VERTEX_POINT('',#80) ;
#88=VERTEX_POINT('',#87) ;
#112=VERTEX_POINT('',#111) ;
#136=VERTEX_POINT('',#135) ;
#177=VERTEX_POINT('',#176) ;
#179=VERTEX_POINT('',#178) ;
#207=VERTEX_POINT('',#206) ;
#209=VERTEX_POINT('',#208) ;
#216=VERTEX_POINT('',#215) ;
#223=VERTEX_POINT('',#222) ;
#247=VERTEX_POINT('',#246) ;
#254=VERTEX_POINT('',#253) ;
#278=VERTEX_POINT('',#277) ;
#280=VERTEX_POINT('',#279) ;
#318=VERTEX_POINT('',#317) ;
#325=VERTEX_POINT('',#324) ;
#456=VERTEX_POINT('',#455) ;
#563=VERTEX_POINT('',#562) ;
#593=VERTEX_POINT('',#592) ;
#595=VERTEX_POINT('',#594) ;
#602=VERTEX_POINT('',#601) ;
#609=VERTEX_POINT('',#608) ;
#621=VERTEX_POINT('',#620) ;
#628=VERTEX_POINT('',#627) ;
#635=VERTEX_POINT('',#634) ;
#645=VERTEX_POINT('',#644) ;
#652=VERTEX_POINT('',#651) ;
#659=VERTEX_POINT('',#658) ;
#671=VERTEX_POINT('',#670) ;
#678=VERTEX_POINT('',#677) ;
#716=VERTEX_POINT('',#715) ;
#741=VERTEX_POINT('',#740) ;
#780=VERTEX_POINT('',#779) ;
#782=VERTEX_POINT('',#781) ;
#789=VERTEX_POINT('',#788) ;
#796=VERTEX_POINT('',#795) ;
#803=VERTEX_POINT('',#802) ;
#928=VERTEX_POINT('',#927) ;
#956=VERTEX_POINT('',#955) ;
#983=VERTEX_POINT('',#982) ;
#1005=VERTEX_POINT('',#1004) ;
#1017=VERTEX_POINT('',#1016) ;
#1027=VERTEX_POINT('',#1026) ;
#1034=VERTEX_POINT('',#1033) ;
#1049=VERTEX_POINT('',#1048) ;
#1056=VERTEX_POINT('',#1055) ;
#1068=VERTEX_POINT('',#1067) ;
#1106=VERTEX_POINT('',#1105) ;
#1136=VERTEX_POINT('',#1135) ;
#1143=VERTEX_POINT('',#1142) ;
#1169=VERTEX_POINT('',#1168) ;
#1272=VERTEX_POINT('',#1271) ;
#1357=VERTEX_POINT('',#1356) ;
#1364=VERTEX_POINT('',#1363) ;
#1371=VERTEX_POINT('',#1370) ;
#1396=VERTEX_POINT('',#1395) ;
#1420=VERTEX_POINT('',#1419) ;
#1444=VERTEX_POINT('',#1443) ;
#1472=VERTEX_POINT('',#1471) ;
#1479=VERTEX_POINT('',#1478) ;
#1543=VERTEX_POINT('',#1542) ;
#1550=VERTEX_POINT('',#1549) ;
#1557=VERTEX_POINT('',#1556) ;
#1582=VERTEX_POINT('',#1581) ;
#1609=VERTEX_POINT('',#1608) ;
#1616=VERTEX_POINT('',#1615) ;
#1637=VERTEX_POINT('',#1636) ;
#1662=VERTEX_POINT('',#1661) ;
#1702=ADVANCED_BREP_SHAPE_REPRESENTATION('NONE',(#21),#16) ;
#70=ADVANCED_FACE('Corps principal',(#69),#35,.F.) ;
#101=ADVANCED_FACE('Corps principal',(#100),#75,.T.) ;
#125=ADVANCED_FACE('Corps principal',(#124),#106,.F.) ;
#149=ADVANCED_FACE('Corps principal',(#148),#130,.F.) ;
#166=ADVANCED_FACE('Corps principal',(#165),#154,.F.) ;
#196=ADVANCED_FACE('Corps principal',(#189,#195),#171,.F.) ;
#236=ADVANCED_FACE('Corps principal',(#235),#201,.F.) ;
#267=ADVANCED_FACE('Corps principal',(#266),#241,.T.) ;
#298=ADVANCED_FACE('Corps principal',(#297),#272,.T.) ;
#347=ADVANCED_FACE('Corps principal',(#346),#303,.F.) ;
#472=ADVANCED_FACE('Corps principal',(#471),#348,.T.) ;
#579=ADVANCED_FACE('Corps principal',(#578),#473,.T.) ;
#705=ADVANCED_FACE('Corps principal',(#704),#584,.T.) ;
#730=ADVANCED_FACE('Corps principal',(#729),#710,.T.) ;
#756=ADVANCED_FACE('Corps principal',(#755),#735,.F.) ;
#774=ADVANCED_FACE('Corps principal',(#773),#761,.T.) ;
#829=ADVANCED_FACE('Corps principal',(#828),#761,.T.) ;
#972=ADVANCED_FACE('Corps principal',(#971),#830,.T.) ;
#996=ADVANCED_FACE('Corps principal',(#995),#977,.T.) ;
#1095=ADVANCED_FACE('Corps principal',(#1094),#584,.T.) ;
#1125=ADVANCED_FACE('Corps principal',(#1124),#1100,.T.) ;
#1158=ADVANCED_FACE('Corps principal',(#1157),#1130,.T.) ;
#1191=ADVANCED_FACE('Corps principal',(#1190),#1163,.F.) ;
#1297=ADVANCED_FACE('Corps principal',(#1296),#1192,.T.) ;
#1309=ADVANCED_FACE('Corps principal',(#1308),#201,.F.) ;
#1326=ADVANCED_FACE('Corps principal',(#1325),#1314,.T.) ;
#1334=ADVANCED_FACE('Corps principal',(#1333),#710,.T.) ;
#1385=ADVANCED_FACE('Corps principal',(#1384),#1339,.T.) ;
#1409=ADVANCED_FACE('Corps principal',(#1408),#1390,.T.) ;
#1433=ADVANCED_FACE('Corps principal',(#1432),#1414,.T.) ;
#1458=ADVANCED_FACE('Corps principal',(#1457),#1438,.F.) ;
#1494=ADVANCED_FACE('Corps principal',(#1493),#1463,.F.) ;
#1512=ADVANCED_FACE('Corps principal',(#1511),#1499,.T.) ;
#1525=ADVANCED_FACE('Corps principal',(#1524),#1517,.T.) ;
#1571=ADVANCED_FACE('Corps principal',(#1570),#1517,.T.) ;
#1595=ADVANCED_FACE('Corps principal',(#1594),#1576,.T.) ;
#1631=ADVANCED_FACE('Corps principal',(#1630),#1600,.F.) ;
#1651=ADVANCED_FACE('Corps principal',(#1650),#1499,.T.) ;
#1676=ADVANCED_FACE('Corps principal',(#1675),#1656,.T.) ;
#1693=ADVANCED_FACE('Corps principal',(#1692),#1681,.T.) ;
#1701=ADVANCED_FACE('Corps principal',(#1700),#1339,.T.) ;
#4=APPLICATION_PROTOCOL_DEFINITION('international standard','ap242_managed_model_based_3d_engineering',2014,#1) ;
#304=B_SPLINE_CURVE_WITH_KNOTS('',5,(#305,#306,#307,#308,#309,#310,#311,#312,#313,#314,#315,#316),.UNSPECIFIED.,.F.,.U.,(6,3,3,6),(1.29052919186,2.2930875566,3.16661813979,5.28380724672),.UNSPECIFIED.) ;
#327=B_SPLINE_CURVE_WITH_KNOTS('',5,(#328,#329,#330,#331,#332,#333,#334,#335,#336,#337,#338,#339),.UNSPECIFIED.,.F.,.U.,(6,3,3,6),(4.75480644247,6.9901522645,7.59508175668,8.74748205343),.UNSPECIFIED.) ;
#439=B_SPLINE_CURVE_WITH_KNOTS('',5,(#440,#441,#442,#443,#444,#445,#446,#447,#448,#449,#450,#451,#452,#453,#454),.UNSPECIFIED.,.F.,.U.,(6,3,3,3,6),(4.75480644247,5.83240900091,6.40060079877,6.9901522645,7.36502798249),.UNSPECIFIED.) ;
#458=B_SPLINE_CURVE_WITH_KNOTS('',5,(#459,#460,#461,#462,#463,#464),.UNSPECIFIED.,.F.,.U.,(6,6),(0.,2.09728989396),.UNSPECIFIED.) ;
#546=B_SPLINE_CURVE_WITH_KNOTS('',5,(#547,#548,#549,#550,#551,#552,#553,#554,#555,#556,#557,#558,#559,#560,#561),.UNSPECIFIED.,.F.,.U.,(6,3,3,3,6),(2.67342795092,3.16661813979,3.73268514793,4.29889910432,5.28380724672),.UNSPECIFIED.) ;
#565=B_SPLINE_CURVE_WITH_KNOTS('',5,(#566,#567,#568,#569,#570,#571),.UNSPECIFIED.,.F.,.U.,(6,6),(0.,2.09638575241),.UNSPECIFIED.) ;
#585=B_SPLINE_CURVE_WITH_KNOTS('',5,(#586,#587,#588,#589,#590,#591),.UNSPECIFIED.,.F.,.U.,(6,6),(0.,2.24516262975),.UNSPECIFIED.) ;
#637=B_SPLINE_CURVE_WITH_KNOTS('',5,(#638,#639,#640,#641,#642,#643),.UNSPECIFIED.,.F.,.U.,(6,6),(0.,2.24516262977),.UNSPECIFIED.) ;
#805=B_SPLINE_CURVE_WITH_KNOTS('',5,(#806,#807,#808,#809,#810,#811,#812,#813,#814,#815,#816,#817,#818,#819,#820),.UNSPECIFIED.,.F.,.U.,(6,3,3,3,6),(4.75480644246,5.8324090009,6.40060079877,6.99015226449,7.36502798248),.UNSPECIFIED.) ;
#921=B_SPLINE_CURVE_WITH_KNOTS('',4,(#922,#923,#924,#925,#926),.UNSPECIFIED.,.F.,.U.,(5,5),(0.,1.),.UNSPECIFIED.) ;
#930=B_SPLINE_CURVE_WITH_KNOTS('',5,(#931,#932,#933,#934,#935,#936,#937,#938,#939,#940,#941,#942,#943,#944,#945,#946,#947,#948,#949,#950,#951,#952,#953,#954),.UNSPECIFIED.,.F.,.U.,(6,3,3,3,3,3,3,6),(4.75480644246,5.8324090009,6.40060079877,6.99015226449,7.59508175666,8.19314946172,8.66304864596,8.74748205342),.UNSPECIFIED.) ;
#958=B_SPLINE_CURVE_WITH_KNOTS('',5,(#959,#960,#961,#962,#963,#964),.UNSPECIFIED.,.F.,.U.,(6,6),(0.,2.09728989395),.UNSPECIFIED.) ;
#997=B_SPLINE_CURVE_WITH_KNOTS('',5,(#998,#999,#1000,#1001,#1002,#1003),.UNSPECIFIED.,.F.,.U.,(6,6),(0.,2.24516262975),.UNSPECIFIED.) ;
#1019=B_SPLINE_CURVE_WITH_KNOTS('',5,(#1020,#1021,#1022,#1023,#1024,#1025),.UNSPECIFIED.,.F.,.U.,(6,6),(0.,2.0963857524),.UNSPECIFIED.) ;
#1041=B_SPLINE_CURVE_WITH_KNOTS('',5,(#1042,#1043,#1044,#1045,#1046,#1047),.UNSPECIFIED.,.F.,.U.,(6,6),(0.,2.24516262976),.UNSPECIFIED.) ;
#1171=B_SPLINE_CURVE_WITH_KNOTS('',5,(#1172,#1173,#1174,#1175,#1176,#1177,#1178,#1179,#1180,#1181,#1182,#1183),.UNSPECIFIED.,.F.,.U.,(6,3,3,6),(1.29052919186,2.29308755656,3.16661813975,5.28380724673),.UNSPECIFIED.) ;
#1265=B_SPLINE_CURVE_WITH_KNOTS('',4,(#1266,#1267,#1268,#1269,#1270),.UNSPECIFIED.,.F.,.U.,(5,5),(0.,1.),.UNSPECIFIED.) ;
#1274=B_SPLINE_CURVE_WITH_KNOTS('',5,(#1275,#1276,#1277,#1278,#1279,#1280,#1281,#1282,#1283,#1284,#1285,#1286,#1287,#1288,#1289),.UNSPECIFIED.,.F.,.U.,(6,3,3,3,6),(2.67342795093,3.16661813975,3.73268514791,4.29889910431,5.28380724673),.UNSPECIFIED.) ;
#1340=B_SPLINE_CURVE_WITH_KNOTS('',5,(#1341,#1342,#1343,#1344,#1345,#1346,#1347,#1348,#1349,#1350,#1351,#1352,#1353,#1354,#1355),.UNSPECIFIED.,.F.,.U.,(6,3,3,3,6),(0.,0.701371084301,1.40490795625,2.09158492129,2.29966185898),.UNSPECIFIED.) ;
#1464=B_SPLINE_CURVE_WITH_KNOTS('',5,(#1465,#1466,#1467,#1468,#1469,#1470),.UNSPECIFIED.,.F.,.U.,(6,6),(0.,2.29966185898),.UNSPECIFIED.) ;
#1526=B_SPLINE_CURVE_WITH_KNOTS('',5,(#1527,#1528,#1529,#1530,#1531,#1532,#1533,#1534,#1535,#1536,#1537,#1538,#1539,#1540,#1541),.UNSPECIFIED.,.F.,.U.,(6,3,3,3,6),(0.,0.701371084303,1.40490795626,2.09158492129,2.29966185898),.UNSPECIFIED.) ;
#1601=B_SPLINE_CURVE_WITH_KNOTS('',5,(#1602,#1603,#1604,#1605,#1606,#1607),.UNSPECIFIED.,.F.,.U.,(6,6),(0.,2.29966185898),.UNSPECIFIED.) ;
#348=B_SPLINE_SURFACE_WITH_KNOTS('',5,5,((#349,#350,#351,#352,#353,#354),(#355,#356,#357,#358,#359,#360),(#361,#362,#363,#364,#365,#366),(#367,#368,#369,#370,#371,#372),(#373,#374,#375,#376,#377,#378),(#379,#380,#381,#382,#383,#384),(#385,#386,#387,#388,#389,#390),(#391,#392,#393,#394,#395,#396),(#397,#398,#399,#400,#401,#402),(#403,#404,#405,#406,#407,#408),(#409,#410,#411,#412,#413,#414),(#415,#416,#417,#418,#419,#420),(#421,#422,#423,#424,#425,#426),(#427,#428,#429,#430,#431,#432),(#433,#434,#435,#436,#437,#438)),.UNSPECIFIED.,.F.,.F.,.U.,(6,3,3,3,6),(6,6),(4.75480644247,5.83240900091,6.9901522645,7.59508175668,8.74748205344),(0.,1.),.UNSPECIFIED.) ;
#473=B_SPLINE_SURFACE_WITH_KNOTS('',5,5,((#474,#475,#476,#477,#478,#479),(#480,#481,#482,#483,#484,#485),(#486,#487,#488,#489,#490,#491),(#492,#493,#494,#495,#496,#497),(#498,#499,#500,#501,#502,#503),(#504,#505,#506,#507,#508,#509),(#510,#511,#512,#513,#514,#515),(#516,#517,#518,#519,#520,#521),(#522,#523,#524,#525,#526,#527),(#528,#529,#530,#531,#532,#533),(#534,#535,#536,#537,#538,#539),(#540,#541,#542,#543,#544,#545)),.UNSPECIFIED.,.F.,.F.,.U.,(6,3,3,6),(6,6),(1.29052919185,2.2930875566,3.16661813979,5.28380724672),(0.,1.),.UNSPECIFIED.) ;
#830=B_SPLINE_SURFACE_WITH_KNOTS('',5,5,((#831,#832,#833,#834,#835,#836),(#837,#838,#839,#840,#841,#842),(#843,#844,#845,#846,#847,#848),(#849,#850,#851,#852,#853,#854),(#855,#856,#857,#858,#859,#860),(#861,#862,#863,#864,#865,#866),(#867,#868,#869,#870,#871,#872),(#873,#874,#875,#876,#877,#878),(#879,#880,#881,#882,#883,#884),(#885,#886,#887,#888,#889,#890),(#891,#892,#893,#894,#895,#896),(#897,#898,#899,#900,#901,#902),(#903,#904,#905,#906,#907,#908),(#909,#910,#911,#912,#913,#914),(#915,#916,#917,#918,#919,#920)),.UNSPECIFIED.,.F.,.F.,.U.,(6,3,3,3,6),(6,6),(4.75480644246,5.8324090009,6.99015226449,7.59508175666,8.74748205343),(0.,1.),.UNSPECIFIED.) ;
#1192=B_SPLINE_SURFACE_WITH_KNOTS('',5,5,((#1193,#1194,#1195,#1196,#1197,#1198),(#1199,#1200,#1201,#1202,#1203,#1204),(#1205,#1206,#1207,#1208,#1209,#1210),(#1211,#1212,#1213,#1214,#1215,#1216),(#1217,#1218,#1219,#1220,#1221,#1222),(#1223,#1224,#1225,#1226,#1227,#1228),(#1229,#1230,#1231,#1232,#1233,#1234),(#1235,#1236,#1237,#1238,#1239,#1240),(#1241,#1242,#1243,#1244,#1245,#1246),(#1247,#1248,#1249,#1250,#1251,#1252),(#1253,#1254,#1255,#1256,#1257,#1258),(#1259,#1260,#1261,#1262,#1263,#1264)),.UNSPECIFIED.,.F.,.F.,.U.,(6,3,3,6),(6,6),(1.29052919186,2.29308755656,3.16661813975,5.28380724673),(0.,1.),.UNSPECIFIED.) ;
#22=COLOUR_RGB('Colour',0.823529411765,0.823529411765,1.) ;
#69=FACE_OUTER_BOUND('',#64,.T.) ;
#100=FACE_OUTER_BOUND('',#95,.T.) ;
#124=FACE_OUTER_BOUND('',#119,.T.) ;
#148=FACE_OUTER_BOUND('',#143,.T.) ;
#165=FACE_OUTER_BOUND('',#160,.T.) ;
#189=FACE_OUTER_BOUND('',#186,.T.) ;
#235=FACE_OUTER_BOUND('',#230,.T.) ;
#266=FACE_OUTER_BOUND('',#261,.T.) ;
#297=FACE_OUTER_BOUND('',#292,.T.) ;
#346=FACE_OUTER_BOUND('',#341,.T.) ;
#471=FACE_OUTER_BOUND('',#466,.T.) ;
#578=FACE_OUTER_BOUND('',#573,.T.) ;
#704=FACE_OUTER_BOUND('',#685,.T.) ;
#729=FACE_OUTER_BOUND('',#723,.T.) ;
#755=FACE_OUTER_BOUND('',#748,.T.) ;
#773=FACE_OUTER_BOUND('',#767,.T.) ;
#828=FACE_OUTER_BOUND('',#822,.T.) ;
#971=FACE_OUTER_BOUND('',#966,.T.) ;
#995=FACE_OUTER_BOUND('',#990,.T.) ;
#1094=FACE_OUTER_BOUND('',#1075,.T.) ;
#1124=FACE_OUTER_BOUND('',#1113,.T.) ;
#1157=FACE_OUTER_BOUND('',#1150,.T.) ;
#1190=FACE_OUTER_BOUND('',#1185,.T.) ;
#1296=FACE_OUTER_BOUND('',#1291,.T.) ;
#1308=FACE_OUTER_BOUND('',#1303,.T.) ;
#1325=FACE_OUTER_BOUND('',#1320,.T.) ;
#1333=FACE_OUTER_BOUND('',#1327,.T.) ;
#1384=FACE_OUTER_BOUND('',#1378,.T.) ;
#1408=FACE_OUTER_BOUND('',#1403,.T.) ;
#1432=FACE_OUTER_BOUND('',#1427,.T.) ;
#1457=FACE_OUTER_BOUND('',#1451,.T.) ;
#1493=FACE_OUTER_BOUND('',#1486,.T.) ;
#1511=FACE_OUTER_BOUND('',#1505,.T.) ;
#1524=FACE_OUTER_BOUND('',#1518,.T.) ;
#1570=FACE_OUTER_BOUND('',#1564,.T.) ;
#1594=FACE_OUTER_BOUND('',#1589,.T.) ;
#1630=FACE_OUTER_BOUND('',#1623,.T.) ;
#1650=FACE_OUTER_BOUND('',#1644,.T.) ;
#1675=FACE_OUTER_BOUND('',#1669,.T.) ;
#1692=FACE_OUTER_BOUND('',#1687,.T.) ;
#1700=FACE_OUTER_BOUND('',#1694,.T.) ;
#9=PRODUCT_CATEGORY_RELATIONSHIP(' ',' ',#7,#8) ;
#6=PRODUCT_DEFINITION_FORMATION_WITH_SPECIFIED_SOURCE('',' ',#5,.NOT_KNOWN.) ;
#20=SHAPE_DEFINITION_REPRESENTATION(#11,#19) ;
#12=(LENGTH_UNIT()NAMED_UNIT(*)SI_UNIT(.MILLI.,.METRE.)) ;
#13=(NAMED_UNIT(*)PLANE_ANGLE_UNIT()SI_UNIT($,.RADIAN.)) ;
#14=(NAMED_UNIT(*)SI_UNIT($,.STERADIAN.)SOLID_ANGLE_UNIT()) ;
#16=(GEOMETRIC_REPRESENTATION_CONTEXT(3)GLOBAL_UNCERTAINTY_ASSIGNED_CONTEXT((#15))GLOBAL_UNIT_ASSIGNED_CONTEXT((#12,#13,#14))REPRESENTATION_CONTEXT(' ',' ')) ;
ENDSEC;
END-ISO-10303-21;
